--2026-06-23 19:40:58--  https://pottersbargarage.co.uk/
Resolving pottersbargarage.co.uk (pottersbargarage.co.uk)... 192.250.239.85
Connecting to pottersbargarage.co.uk (pottersbargarage.co.uk)|192.250.239.85|:443... connected.
HTTP request sent, awaiting response... 200 OK
Length: unspecified [text/html]
Saving to: ‘/Users/tarnewestcott/Development/pottersbargarage/legacy/pottersbargarage.co.uk/index.html’

     0K .......... .......... .......... .......... ..........  610K
    50K .......... .......... .......... .......... .......... 1.77M
   100K .......... .......... .......... .......... .......... 2.49M
   150K .......... .......... .......... .......... .......... 2.48M
   200K .......... .......... .......... .......... ........   6.83M=0.2s

Last-modified header missing -- time-stamps turned off.
2026-06-23 19:40:59 (1.56 MB/s) - ‘/Users/tarnewestcott/Development/pottersbargarage/legacy/pottersbargarage.co.uk/index.html’ saved [254375]

Loading robots.txt; please ignore errors.
--2026-06-23 19:41:00--  https://pottersbargarage.co.uk/robots.txt
Reusing existing connection to pottersbargarage.co.uk:443.
HTTP request sent, awaiting response... 200 OK
Length: 180 [text/plain]
Saving to: ‘/Users/tarnewestcott/Development/pottersbargarage/legacy/pottersbargarage.co.uk/robots.txt’

     0K                                                       100% 14.3M=0s

2026-06-23 19:41:00 (14.3 MB/s) - ‘/Users/tarnewestcott/Development/pottersbargarage/legacy/pottersbargarage.co.uk/robots.txt’ saved [180/180]

--2026-06-23 19:41:00--  https://pottersbargarage.co.uk/feed/
Reusing existing connection to pottersbargarage.co.uk:443.
HTTP request sent, awaiting response... 304 Not Modified
File ‘/Users/tarnewestcott/Development/pottersbargarage/legacy/pottersbargarage.co.uk/feed/index.html’ not modified on server. Omitting download.

--2026-06-23 19:41:01--  https://pottersbargarage.co.uk/wp-json/oembed/1.0/embed?url=https%3A%2F%2Fpottersbargarage.co.uk%2F
Reusing existing connection to pottersbargarage.co.uk:443.
HTTP request sent, awaiting response... 200 OK
Length: 2603 (2.5K) [application/json]
Saving to: ‘/Users/tarnewestcott/Development/pottersbargarage/legacy/pottersbargarage.co.uk/wp-json/oembed/1.0/embed?url=https:%2F%2Fpottersbargarage.co.uk%2F’

     0K ..                                                    100% 10.2M=0s

Last-modified header missing -- time-stamps turned off.
2026-06-23 19:41:01 (10.2 MB/s) - ‘/Users/tarnewestcott/Development/pottersbargarage/legacy/pottersbargarage.co.uk/wp-json/oembed/1.0/embed?url=https:%2F%2Fpottersbargarage.co.uk%2F’ saved [2603/2603]

--2026-06-23 19:41:02--  https://pottersbargarage.co.uk/wp-json/oembed/1.0/embed?url=https%3A%2F%2Fpottersbargarage.co.uk%2F&format=xml
Reusing existing connection to pottersbargarage.co.uk:443.
HTTP request sent, awaiting response... 200 OK
Length: 2755 (2.7K) [text/xml]
Saving to: ‘/Users/tarnewestcott/Development/pottersbargarage/legacy/pottersbargarage.co.uk/wp-json/oembed/1.0/embed?url=https:%2F%2Fpottersbargarage.co.uk%2F&format=xml’

     0K ..                                                    100% 1.04M=0.003s

Last-modified header missing -- time-stamps turned off.
2026-06-23 19:41:02 (1.04 MB/s) - ‘/Users/tarnewestcott/Development/pottersbargarage/legacy/pottersbargarage.co.uk/wp-json/oembed/1.0/embed?url=https:%2F%2Fpottersbargarage.co.uk%2F&format=xml’ saved [2755/2755]

--2026-06-23 19:41:02--  https://pottersbargarage.co.uk/wp-content/plugins/header-footer-elementor/inc/widgets-css/frontend.css?ver=2.8.8
Reusing existing connection to pottersbargarage.co.uk:443.
HTTP request sent, awaiting response... 200 OK
Length: 83015 (81K) [text/css]
Saving to: ‘/Users/tarnewestcott/Development/pottersbargarage/legacy/pottersbargarage.co.uk/wp-content/plugins/header-footer-elementor/inc/widgets-css/frontend.css?ver=2.8.8.css’

     0K .......... .......... .......... .......... .......... 61% 1.88M 0s
    50K .......... .......... .......... .                    100% 56.7M=0.03s

2026-06-23 19:41:02 (2.98 MB/s) - ‘/Users/tarnewestcott/Development/pottersbargarage/legacy/pottersbargarage.co.uk/wp-content/plugins/header-footer-elementor/inc/widgets-css/frontend.css?ver=2.8.8.css’ saved [83015/83015]

--2026-06-23 19:41:03--  https://pottersbargarage.co.uk/wp-content/plugins/salient-social/css/style.css?ver=1.2
Reusing existing connection to pottersbargarage.co.uk:443.
HTTP request sent, awaiting response... 200 OK
Length: 19828 (19K) [text/css]
Saving to: ‘/Users/tarnewestcott/Development/pottersbargarage/legacy/pottersbargarage.co.uk/wp-content/plugins/salient-social/css/style.css?ver=1.2.css’

     0K .......... .........                                  100%  818K=0.02s

2026-06-23 19:41:03 (818 KB/s) - ‘/Users/tarnewestcott/Development/pottersbargarage/legacy/pottersbargarage.co.uk/wp-content/plugins/salient-social/css/style.css?ver=1.2.css’ saved [19828/19828]

--2026-06-23 19:41:03--  https://pottersbargarage.co.uk/wp-content/plugins/header-footer-elementor/assets/css/header-footer-elementor.css?ver=2.8.8
Reusing existing connection to pottersbargarage.co.uk:443.
HTTP request sent, awaiting response... 200 OK
Length: 776 [text/css]
Saving to: ‘/Users/tarnewestcott/Development/pottersbargarage/legacy/pottersbargarage.co.uk/wp-content/plugins/header-footer-elementor/assets/css/header-footer-elementor.css?ver=2.8.8.css’

     0K                                                       100%  106M=0s

2026-06-23 19:41:03 (106 MB/s) - ‘/Users/tarnewestcott/Development/pottersbargarage/legacy/pottersbargarage.co.uk/wp-content/plugins/header-footer-elementor/assets/css/header-footer-elementor.css?ver=2.8.8.css’ saved [776/776]

--2026-06-23 19:41:04--  https://pottersbargarage.co.uk/wp-content/uploads/premium-addons-elementor/pafe-73.css?ver=1747221918
Reusing existing connection to pottersbargarage.co.uk:443.
HTTP request sent, awaiting response... 200 OK
Length: 8870 (8.7K) [text/css]
Saving to: ‘/Users/tarnewestcott/Development/pottersbargarage/legacy/pottersbargarage.co.uk/wp-content/uploads/premium-addons-elementor/pafe-73.css?ver=1747221918.css’

     0K ........                                              100% 17.0M=0s

2026-06-23 19:41:04 (17.0 MB/s) - ‘/Users/tarnewestcott/Development/pottersbargarage/legacy/pottersbargarage.co.uk/wp-content/uploads/premium-addons-elementor/pafe-73.css?ver=1747221918.css’ saved [8870/8870]

--2026-06-23 19:41:04--  https://pottersbargarage.co.uk/wp-content/plugins/elementor/assets/lib/eicons/css/elementor-icons.min.css?ver=5.49.0
Reusing existing connection to pottersbargarage.co.uk:443.
HTTP request sent, awaiting response... 200 OK
Length: 21927 (21K) [text/css]
Saving to: ‘/Users/tarnewestcott/Development/pottersbargarage/legacy/pottersbargarage.co.uk/wp-content/plugins/elementor/assets/lib/eicons/css/elementor-icons.min.css?ver=5.49.0.css’

     0K .......... .......... .                               100% 30.4M=0.001s

2026-06-23 19:41:04 (30.4 MB/s) - ‘/Users/tarnewestcott/Development/pottersbargarage/legacy/pottersbargarage.co.uk/wp-content/plugins/elementor/assets/lib/eicons/css/elementor-icons.min.css?ver=5.49.0.css’ saved [21927/21927]

--2026-06-23 19:41:05--  https://pottersbargarage.co.uk/wp-content/plugins/elementor/assets/css/frontend.min.css?ver=4.1.3
Reusing existing connection to pottersbargarage.co.uk:443.
HTTP request sent, awaiting response... 200 OK
Length: 54666 (53K) [text/css]
Saving to: ‘/Users/tarnewestcott/Development/pottersbargarage/legacy/pottersbargarage.co.uk/wp-content/plugins/elementor/assets/css/frontend.min.css?ver=4.1.3.css’

     0K .......... .......... .......... .......... .......... 93%  969K 0s
    50K ...                                                   100% 67.7K=0.05s

2026-06-23 19:41:05 (1.01 MB/s) - ‘/Users/tarnewestcott/Development/pottersbargarage/legacy/pottersbargarage.co.uk/wp-content/plugins/elementor/assets/css/frontend.min.css?ver=4.1.3.css’ saved [54666/54666]

--2026-06-23 19:41:05--  https://pottersbargarage.co.uk/wp-content/uploads/elementor/css/post-6.css?ver=1782224931
Reusing existing connection to pottersbargarage.co.uk:443.
HTTP request sent, awaiting response... 200 OK
Length: 1225 (1.2K) [text/css]
Saving to: ‘/Users/tarnewestcott/Development/pottersbargarage/legacy/pottersbargarage.co.uk/wp-content/uploads/elementor/css/post-6.css?ver=1782224931.css’

     0K .                                                     100%  146M=0s

2026-06-23 19:41:05 (146 MB/s) - ‘/Users/tarnewestcott/Development/pottersbargarage/legacy/pottersbargarage.co.uk/wp-content/uploads/elementor/css/post-6.css?ver=1782224931.css’ saved [1225/1225]

--2026-06-23 19:41:06--  https://pottersbargarage.co.uk/wp-content/plugins/elementor/assets/lib/font-awesome/css/all.min.css?ver=4.11.82
Reusing existing connection to pottersbargarage.co.uk:443.
HTTP request sent, awaiting response... 200 OK
Length: 59344 (58K) [text/css]
Saving to: ‘/Users/tarnewestcott/Development/pottersbargarage/legacy/pottersbargarage.co.uk/wp-content/plugins/elementor/assets/lib/font-awesome/css/all.min.css?ver=4.11.82.css’

     0K .......... .......... .......... .......... .......... 86% 1.07M 0s
    50K .......                                               100%  159K=0.05s

2026-06-23 19:41:06 (1.24 MB/s) - ‘/Users/tarnewestcott/Development/pottersbargarage/legacy/pottersbargarage.co.uk/wp-content/plugins/elementor/assets/lib/font-awesome/css/all.min.css?ver=4.11.82.css’ saved [59344/59344]

--2026-06-23 19:41:07--  https://pottersbargarage.co.uk/wp-content/plugins/elementor/assets/lib/font-awesome/css/v4-shims.min.css?ver=4.1.3
Reusing existing connection to pottersbargarage.co.uk:443.
HTTP request sent, awaiting response... 200 OK
Length: 26702 (26K) [text/css]
Saving to: ‘/Users/tarnewestcott/Development/pottersbargarage/legacy/pottersbargarage.co.uk/wp-content/plugins/elementor/assets/lib/font-awesome/css/v4-shims.min.css?ver=4.1.3.css’

     0K .......... .......... ......                          100% 1003K=0.03s

2026-06-23 19:41:07 (1003 KB/s) - ‘/Users/tarnewestcott/Development/pottersbargarage/legacy/pottersbargarage.co.uk/wp-content/plugins/elementor/assets/lib/font-awesome/css/v4-shims.min.css?ver=4.1.3.css’ saved [26702/26702]

--2026-06-23 19:41:07--  https://pottersbargarage.co.uk/wp-content/plugins/elementor/assets/css/widget-spacer.min.css?ver=4.1.3
Reusing existing connection to pottersbargarage.co.uk:443.
HTTP request sent, awaiting response... 200 OK
Length: 1793 (1.8K) [text/css]
Saving to: ‘/Users/tarnewestcott/Development/pottersbargarage/legacy/pottersbargarage.co.uk/wp-content/plugins/elementor/assets/css/widget-spacer.min.css?ver=4.1.3.css’

     0K .                                                     100%  285M=0s

2026-06-23 19:41:08 (285 MB/s) - ‘/Users/tarnewestcott/Development/pottersbargarage/legacy/pottersbargarage.co.uk/wp-content/plugins/elementor/assets/css/widget-spacer.min.css?ver=4.1.3.css’ saved [1793/1793]

--2026-06-23 19:41:08--  https://pottersbargarage.co.uk/wp-content/plugins/elementor/assets/css/widget-heading.min.css?ver=4.1.3
Reusing existing connection to pottersbargarage.co.uk:443.
HTTP request sent, awaiting response... 200 OK
Length: 560 [text/css]
Saving to: ‘/Users/tarnewestcott/Development/pottersbargarage/legacy/pottersbargarage.co.uk/wp-content/plugins/elementor/assets/css/widget-heading.min.css?ver=4.1.3.css’

     0K                                                       100% 48.6M=0s

2026-06-23 19:41:08 (48.6 MB/s) - ‘/Users/tarnewestcott/Development/pottersbargarage/legacy/pottersbargarage.co.uk/wp-content/plugins/elementor/assets/css/widget-heading.min.css?ver=4.1.3.css’ saved [560/560]

--2026-06-23 19:41:09--  https://pottersbargarage.co.uk/wp-content/plugins/elementor/assets/css/widget-divider.min.css?ver=4.1.3
Reusing existing connection to pottersbargarage.co.uk:443.
HTTP request sent, awaiting response... 200 OK
Length: 4258 (4.2K) [text/css]
Saving to: ‘/Users/tarnewestcott/Development/pottersbargarage/legacy/pottersbargarage.co.uk/wp-content/plugins/elementor/assets/css/widget-divider.min.css?ver=4.1.3.css’

     0K ....                                                  100% 10.9M=0s

2026-06-23 19:41:09 (10.9 MB/s) - ‘/Users/tarnewestcott/Development/pottersbargarage/legacy/pottersbargarage.co.uk/wp-content/plugins/elementor/assets/css/widget-divider.min.css?ver=4.1.3.css’ saved [4258/4258]

--2026-06-23 19:41:10--  https://pottersbargarage.co.uk/wp-content/plugins/elementor/assets/css/widget-image.min.css?ver=4.1.3
Reusing existing connection to pottersbargarage.co.uk:443.
HTTP request sent, awaiting response... 200 OK
Length: 214 [text/css]
Saving to: ‘/Users/tarnewestcott/Development/pottersbargarage/legacy/pottersbargarage.co.uk/wp-content/plugins/elementor/assets/css/widget-image.min.css?ver=4.1.3.css’

     0K                                                       100% 40.8M=0s

2026-06-23 19:41:10 (40.8 MB/s) - ‘/Users/tarnewestcott/Development/pottersbargarage/legacy/pottersbargarage.co.uk/wp-content/plugins/elementor/assets/css/widget-image.min.css?ver=4.1.3.css’ saved [214/214]

--2026-06-23 19:41:10--  https://pottersbargarage.co.uk/wp-content/plugins/premium-addons-for-elementor/assets/frontend/min-css/liquid-glass.min.css?ver=4.11.82
Reusing existing connection to pottersbargarage.co.uk:443.
HTTP request sent, awaiting response... 200 OK
Length: 8405 (8.2K) [text/css]
Saving to: ‘/Users/tarnewestcott/Development/pottersbargarage/legacy/pottersbargarage.co.uk/wp-content/plugins/premium-addons-for-elementor/assets/frontend/min-css/liquid-glass.min.css?ver=4.11.82.css’

     0K ........                                              100%  668M=0s

2026-06-23 19:41:10 (668 MB/s) - ‘/Users/tarnewestcott/Development/pottersbargarage/legacy/pottersbargarage.co.uk/wp-content/plugins/premium-addons-for-elementor/assets/frontend/min-css/liquid-glass.min.css?ver=4.11.82.css’ saved [8405/8405]

--2026-06-23 19:41:11--  https://pottersbargarage.co.uk/wp-content/plugins/premium-addons-for-elementor/assets/frontend/min-css/slick.min.css?ver=4.11.82
Reusing existing connection to pottersbargarage.co.uk:443.
HTTP request sent, awaiting response... 200 OK
Length: 6342 (6.2K) [text/css]
Saving to: ‘/Users/tarnewestcott/Development/pottersbargarage/legacy/pottersbargarage.co.uk/wp-content/plugins/premium-addons-for-elementor/assets/frontend/min-css/slick.min.css?ver=4.11.82.css’

     0K ......                                                100% 33.6M=0s

2026-06-23 19:41:11 (33.6 MB/s) - ‘/Users/tarnewestcott/Development/pottersbargarage/legacy/pottersbargarage.co.uk/wp-content/plugins/premium-addons-for-elementor/assets/frontend/min-css/slick.min.css?ver=4.11.82.css’ saved [6342/6342]

--2026-06-23 19:41:11--  https://pottersbargarage.co.uk/wp-content/plugins/elementor/assets/css/widget-video.min.css?ver=4.1.3
Reusing existing connection to pottersbargarage.co.uk:443.
HTTP request sent, awaiting response... 200 OK
Length: 1243 (1.2K) [text/css]
Saving to: ‘/Users/tarnewestcott/Development/pottersbargarage/legacy/pottersbargarage.co.uk/wp-content/plugins/elementor/assets/css/widget-video.min.css?ver=4.1.3.css’

     0K .                                                     100%  169M=0s

2026-06-23 19:41:11 (169 MB/s) - ‘/Users/tarnewestcott/Development/pottersbargarage/legacy/pottersbargarage.co.uk/wp-content/plugins/elementor/assets/css/widget-video.min.css?ver=4.1.3.css’ saved [1243/1243]

--2026-06-23 19:41:12--  https://pottersbargarage.co.uk/wp-content/uploads/elementor/css/post-73.css?ver=1782225626
Reusing existing connection to pottersbargarage.co.uk:443.
HTTP request sent, awaiting response... 200 OK
Length: 29360 (29K) [text/css]
Saving to: ‘/Users/tarnewestcott/Development/pottersbargarage/legacy/pottersbargarage.co.uk/wp-content/uploads/elementor/css/post-73.css?ver=1782225626.css’

     0K .......... .......... ........                        100% 1.19M=0.02s

2026-06-23 19:41:12 (1.19 MB/s) - ‘/Users/tarnewestcott/Development/pottersbargarage/legacy/pottersbargarage.co.uk/wp-content/uploads/elementor/css/post-73.css?ver=1782225626.css’ saved [29360/29360]

--2026-06-23 19:41:13--  https://pottersbargarage.co.uk/wp-content/uploads/elementor/css/post-11.css?ver=1782224931
Reusing existing connection to pottersbargarage.co.uk:443.
HTTP request sent, awaiting response... 200 OK
Length: 28856 (28K) [text/css]
Saving to: ‘/Users/tarnewestcott/Development/pottersbargarage/legacy/pottersbargarage.co.uk/wp-content/uploads/elementor/css/post-11.css?ver=1782224931.css’

     0K .......... .......... ........                        100% 1.14M=0.02s

2026-06-23 19:41:13 (1.14 MB/s) - ‘/Users/tarnewestcott/Development/pottersbargarage/legacy/pottersbargarage.co.uk/wp-content/uploads/elementor/css/post-11.css?ver=1782224931.css’ saved [28856/28856]

--2026-06-23 19:41:13--  https://pottersbargarage.co.uk/wp-content/plugins/happy-elementor-addons/assets/fonts/style.min.css?ver=3.22.0
Reusing existing connection to pottersbargarage.co.uk:443.
HTTP request sent, awaiting response... 200 OK
Length: 27324 (27K) [text/css]
Saving to: ‘/Users/tarnewestcott/Development/pottersbargarage/legacy/pottersbargarage.co.uk/wp-content/plugins/happy-elementor-addons/assets/fonts/style.min.css?ver=3.22.0.css’

     0K .......... .......... ......                          100% 1.26M=0.02s

2026-06-23 19:41:13 (1.26 MB/s) - ‘/Users/tarnewestcott/Development/pottersbargarage/legacy/pottersbargarage.co.uk/wp-content/plugins/happy-elementor-addons/assets/fonts/style.min.css?ver=3.22.0.css’ saved [27324/27324]

--2026-06-23 19:41:14--  https://pottersbargarage.co.uk/wp-content/plugins/elementor/assets/lib/font-awesome/css/font-awesome.min.css?ver=4.7.0
Reusing existing connection to pottersbargarage.co.uk:443.
HTTP request sent, awaiting response... 200 OK
Length: 30999 (30K) [text/css]
Saving to: ‘/Users/tarnewestcott/Development/pottersbargarage/legacy/pottersbargarage.co.uk/wp-content/plugins/elementor/assets/lib/font-awesome/css/font-awesome.min.css?ver=4.7.0.css’

     0K .......... .......... ..........                      100% 1.32M=0.02s

2026-06-23 19:41:14 (1.32 MB/s) - ‘/Users/tarnewestcott/Development/pottersbargarage/legacy/pottersbargarage.co.uk/wp-content/plugins/elementor/assets/lib/font-awesome/css/font-awesome.min.css?ver=4.7.0.css’ saved [30999/30999]

--2026-06-23 19:41:15--  https://pottersbargarage.co.uk/wp-content/uploads/premium-addons-elementor/pafe-50.css?ver=1747221918
Reusing existing connection to pottersbargarage.co.uk:443.
HTTP request sent, awaiting response... 200 OK
Length: 15755 (15K) [text/css]
Saving to: ‘/Users/tarnewestcott/Development/pottersbargarage/legacy/pottersbargarage.co.uk/wp-content/uploads/premium-addons-elementor/pafe-50.css?ver=1747221918.css’

     0K .......... .....                                      100% 1.63G=0s

2026-06-23 19:41:15 (1.63 GB/s) - ‘/Users/tarnewestcott/Development/pottersbargarage/legacy/pottersbargarage.co.uk/wp-content/uploads/premium-addons-elementor/pafe-50.css?ver=1747221918.css’ saved [15755/15755]

--2026-06-23 19:41:15--  https://pottersbargarage.co.uk/wp-content/uploads/elementor/css/post-50.css?ver=1782224931
Reusing existing connection to pottersbargarage.co.uk:443.
HTTP request sent, awaiting response... 200 OK
Length: 15743 (15K) [text/css]
Saving to: ‘/Users/tarnewestcott/Development/pottersbargarage/legacy/pottersbargarage.co.uk/wp-content/uploads/elementor/css/post-50.css?ver=1782224931.css’

     0K .......... .....                                      100%  535K=0.03s

2026-06-23 19:41:15 (535 KB/s) - ‘/Users/tarnewestcott/Development/pottersbargarage/legacy/pottersbargarage.co.uk/wp-content/uploads/elementor/css/post-50.css?ver=1782224931.css’ saved [15743/15743]

--2026-06-23 19:41:16--  https://pottersbargarage.co.uk/wp-content/plugins/happy-elementor-addons/assets/vendor/hover-css/hover-css.css?ver=3.22.0
Reusing existing connection to pottersbargarage.co.uk:443.
HTTP request sent, awaiting response... 200 OK
Length: 95282 (93K) [text/css]
Saving to: ‘/Users/tarnewestcott/Development/pottersbargarage/legacy/pottersbargarage.co.uk/wp-content/plugins/happy-elementor-addons/assets/vendor/hover-css/hover-css.css?ver=3.22.0.css’

     0K .......... .......... .......... .......... .......... 53%  956K 0s
    50K .......... .......... .......... .......... ...       100% 7.79M=0.06s

2026-06-23 19:41:16 (1.57 MB/s) - ‘/Users/tarnewestcott/Development/pottersbargarage/legacy/pottersbargarage.co.uk/wp-content/plugins/happy-elementor-addons/assets/vendor/hover-css/hover-css.css?ver=3.22.0.css’ saved [95282/95282]

--2026-06-23 19:41:17--  https://pottersbargarage.co.uk/wp-content/uploads/happyaddons/css/ha-50.css?ver=3.22.0.1747221918
Reusing existing connection to pottersbargarage.co.uk:443.
HTTP request sent, awaiting response... 200 OK
Length: 1376 (1.3K) [text/css]
Saving to: ‘/Users/tarnewestcott/Development/pottersbargarage/legacy/pottersbargarage.co.uk/wp-content/uploads/happyaddons/css/ha-50.css?ver=3.22.0.1747221918.css’

     0K .                                                     100%  164M=0s

2026-06-23 19:41:17 (164 MB/s) - ‘/Users/tarnewestcott/Development/pottersbargarage/legacy/pottersbargarage.co.uk/wp-content/uploads/happyaddons/css/ha-50.css?ver=3.22.0.1747221918.css’ saved [1376/1376]

--2026-06-23 19:41:17--  https://pottersbargarage.co.uk/wp-content/plugins/pojo-accessibility/assets/build/skip-link.css?ver=4.1.2
Reusing existing connection to pottersbargarage.co.uk:443.
HTTP request sent, awaiting response... 200 OK
Length: 664 [text/css]
Saving to: ‘/Users/tarnewestcott/Development/pottersbargarage/legacy/pottersbargarage.co.uk/wp-content/plugins/pojo-accessibility/assets/build/skip-link.css?ver=4.1.2.css’

     0K                                                       100%  106M=0s

2026-06-23 19:41:17 (106 MB/s) - ‘/Users/tarnewestcott/Development/pottersbargarage/legacy/pottersbargarage.co.uk/wp-content/plugins/pojo-accessibility/assets/build/skip-link.css?ver=4.1.2.css’ saved [664/664]

--2026-06-23 19:41:18--  https://pottersbargarage.co.uk/wp-content/themes/salient/css/grid-system-legacy.css?ver=13.0.5
Reusing existing connection to pottersbargarage.co.uk:443.
HTTP request sent, awaiting response... 200 OK
Length: 49383 (48K) [text/css]
Saving to: ‘/Users/tarnewestcott/Development/pottersbargarage/legacy/pottersbargarage.co.uk/wp-content/themes/salient/css/grid-system-legacy.css?ver=13.0.5.css’

     0K .......... .......... .......... .......... ........  100%  918K=0.05s

2026-06-23 19:41:18 (918 KB/s) - ‘/Users/tarnewestcott/Development/pottersbargarage/legacy/pottersbargarage.co.uk/wp-content/themes/salient/css/grid-system-legacy.css?ver=13.0.5.css’ saved [49383/49383]

--2026-06-23 19:41:18--  https://pottersbargarage.co.uk/wp-content/themes/salient/css/style.css?ver=13.0.5
Reusing existing connection to pottersbargarage.co.uk:443.
HTTP request sent, awaiting response... 200 OK
Length: 308309 (301K) [text/css]
Saving to: ‘/Users/tarnewestcott/Development/pottersbargarage/legacy/pottersbargarage.co.uk/wp-content/themes/salient/css/style.css?ver=13.0.5.css’

     0K .......... .......... .......... .......... .......... 16% 2.87M 0s
    50K .......... .......... .......... .......... .......... 33% 1.83M 0s
   100K .......... .......... .......... .......... .......... 49% 5.33M 0s
   150K .......... .......... .......... .......... .......... 66% 2.24M 0s
   200K .......... .......... .......... .......... .......... 83%  241K 0s
   250K .......... .......... .......... .......... .......... 99% 55.3M 0s
   300K .                                                     100% 21.7K=0.3s

2026-06-23 19:41:19 (1.04 MB/s) - ‘/Users/tarnewestcott/Development/pottersbargarage/legacy/pottersbargarage.co.uk/wp-content/themes/salient/css/style.css?ver=13.0.5.css’ saved [308309/308309]

--2026-06-23 19:41:19--  https://pottersbargarage.co.uk/wp-content/themes/salient/css/responsive.css?ver=13.0.5
Reusing existing connection to pottersbargarage.co.uk:443.
HTTP request sent, awaiting response... 200 OK
Length: 68055 (66K) [text/css]
Saving to: ‘/Users/tarnewestcott/Development/pottersbargarage/legacy/pottersbargarage.co.uk/wp-content/themes/salient/css/responsive.css?ver=13.0.5.css’

     0K .......... .......... .......... .......... .......... 75% 1.89M 0s
    50K .......... ......                                     100% 24.5M=0.03s

2026-06-23 19:41:19 (2.45 MB/s) - ‘/Users/tarnewestcott/Development/pottersbargarage/legacy/pottersbargarage.co.uk/wp-content/themes/salient/css/responsive.css?ver=13.0.5.css’ saved [68055/68055]

--2026-06-23 19:41:20--  https://pottersbargarage.co.uk/wp-content/themes/salient/css/skin-original.css?ver=13.0.5
Reusing existing connection to pottersbargarage.co.uk:443.
HTTP request sent, awaiting response... 200 OK
Length: 20102 (20K) [text/css]
Saving to: ‘/Users/tarnewestcott/Development/pottersbargarage/legacy/pottersbargarage.co.uk/wp-content/themes/salient/css/skin-original.css?ver=13.0.5.css’

     0K .......... .........                                  100%  908K=0.02s

2026-06-23 19:41:20 (908 KB/s) - ‘/Users/tarnewestcott/Development/pottersbargarage/legacy/pottersbargarage.co.uk/wp-content/themes/salient/css/skin-original.css?ver=13.0.5.css’ saved [20102/20102]

--2026-06-23 19:41:20--  https://pottersbargarage.co.uk/wp-content/uploads/salient/menu-dynamic.css?ver=35148
Reusing existing connection to pottersbargarage.co.uk:443.
HTTP request sent, awaiting response... 200 OK
Length: 3539 (3.5K) [text/css]
Saving to: ‘/Users/tarnewestcott/Development/pottersbargarage/legacy/pottersbargarage.co.uk/wp-content/uploads/salient/menu-dynamic.css?ver=35148.css’

     0K ...                                                   100%  563M=0s

2026-06-23 19:41:20 (563 MB/s) - ‘/Users/tarnewestcott/Development/pottersbargarage/legacy/pottersbargarage.co.uk/wp-content/uploads/salient/menu-dynamic.css?ver=35148.css’ saved [3539/3539]

--2026-06-23 19:41:21--  https://pottersbargarage.co.uk/wp-content/plugins/elementor/assets/lib/eicons/css/elementor-icons.min.css?ver=5.34.0
Reusing existing connection to pottersbargarage.co.uk:443.
HTTP request sent, awaiting response... 200 OK
Length: 21927 (21K) [text/css]
Saving to: ‘/Users/tarnewestcott/Development/pottersbargarage/legacy/pottersbargarage.co.uk/wp-content/plugins/elementor/assets/lib/eicons/css/elementor-icons.min.css?ver=5.34.0.css’

     0K .......... .......... .                               100% 1.03M=0.02s

2026-06-23 19:41:21 (1.03 MB/s) - ‘/Users/tarnewestcott/Development/pottersbargarage/legacy/pottersbargarage.co.uk/wp-content/plugins/elementor/assets/lib/eicons/css/elementor-icons.min.css?ver=5.34.0.css’ saved [21927/21927]

--2026-06-23 19:41:22--  https://pottersbargarage.co.uk/wp-content/plugins/elementor/assets/css/widget-icon-list.min.css?ver=3.24.3
Reusing existing connection to pottersbargarage.co.uk:443.
HTTP request sent, awaiting response... 200 OK
Length: 10255 (10K) [text/css]
Saving to: ‘/Users/tarnewestcott/Development/pottersbargarage/legacy/pottersbargarage.co.uk/wp-content/plugins/elementor/assets/css/widget-icon-list.min.css?ver=3.24.3.css’

     0K ..........                                            100%  752M=0s

2026-06-23 19:41:22 (752 MB/s) - ‘/Users/tarnewestcott/Development/pottersbargarage/legacy/pottersbargarage.co.uk/wp-content/plugins/elementor/assets/css/widget-icon-list.min.css?ver=3.24.3.css’ saved [10255/10255]

--2026-06-23 19:41:22--  https://pottersbargarage.co.uk/wp-content/plugins/elementor/assets/css/widget-social-icons.min.css?ver=3.24.0
Reusing existing connection to pottersbargarage.co.uk:443.
HTTP request sent, awaiting response... 200 OK
Length: 5110 (5.0K) [text/css]
Saving to: ‘/Users/tarnewestcott/Development/pottersbargarage/legacy/pottersbargarage.co.uk/wp-content/plugins/elementor/assets/css/widget-social-icons.min.css?ver=3.24.0.css’

     0K ....                                                  100% 22.8M=0s

2026-06-23 19:41:22 (22.8 MB/s) - ‘/Users/tarnewestcott/Development/pottersbargarage/legacy/pottersbargarage.co.uk/wp-content/plugins/elementor/assets/css/widget-social-icons.min.css?ver=3.24.0.css’ saved [5110/5110]

--2026-06-23 19:41:23--  https://pottersbargarage.co.uk/wp-content/plugins/elementor/assets/lib/font-awesome/css/brands.css?ver=5.15.3
Reusing existing connection to pottersbargarage.co.uk:443.
HTTP request sent, awaiting response... 200 OK
Length: 732 [text/css]
Saving to: ‘/Users/tarnewestcott/Development/pottersbargarage/legacy/pottersbargarage.co.uk/wp-content/plugins/elementor/assets/lib/font-awesome/css/brands.css?ver=5.15.3.css’

     0K                                                       100% 77.6M=0s

2026-06-23 19:41:23 (77.6 MB/s) - ‘/Users/tarnewestcott/Development/pottersbargarage/legacy/pottersbargarage.co.uk/wp-content/plugins/elementor/assets/lib/font-awesome/css/brands.css?ver=5.15.3.css’ saved [732/732]

--2026-06-23 19:41:23--  https://pottersbargarage.co.uk/wp-content/plugins/elementor/assets/lib/font-awesome/css/fontawesome.css?ver=5.15.3
Reusing existing connection to pottersbargarage.co.uk:443.
HTTP request sent, awaiting response... 200 OK
Length: 72184 (70K) [text/css]
Saving to: ‘/Users/tarnewestcott/Development/pottersbargarage/legacy/pottersbargarage.co.uk/wp-content/plugins/elementor/assets/lib/font-awesome/css/fontawesome.css?ver=5.15.3.css’

     0K .......... .......... .......... .......... .......... 70%  805K 0s
    50K .......... ..........                                 100%  134M=0.06s

2026-06-23 19:41:23 (1.11 MB/s) - ‘/Users/tarnewestcott/Development/pottersbargarage/legacy/pottersbargarage.co.uk/wp-content/plugins/elementor/assets/lib/font-awesome/css/fontawesome.css?ver=5.15.3.css’ saved [72184/72184]

--2026-06-23 19:41:23--  https://pottersbargarage.co.uk/wp-content/plugins/elementor/assets/lib/font-awesome/css/solid.css?ver=5.15.3
Reusing existing connection to pottersbargarage.co.uk:443.
HTTP request sent, awaiting response... 200 OK
Length: 727 [text/css]
Saving to: ‘/Users/tarnewestcott/Development/pottersbargarage/legacy/pottersbargarage.co.uk/wp-content/plugins/elementor/assets/lib/font-awesome/css/solid.css?ver=5.15.3.css’

     0K                                                       100% 77.0M=0s

2026-06-23 19:41:24 (77.0 MB/s) - ‘/Users/tarnewestcott/Development/pottersbargarage/legacy/pottersbargarage.co.uk/wp-content/plugins/elementor/assets/lib/font-awesome/css/solid.css?ver=5.15.3.css’ saved [727/727]

--2026-06-23 19:41:24--  https://pottersbargarage.co.uk/wp-content/plugins/elementor-pro/assets/css/widget-blockquote.min.css?ver=3.25.0
Reusing existing connection to pottersbargarage.co.uk:443.
HTTP request sent, awaiting response... 200 OK
Length: 5236 (5.1K) [text/css]
Saving to: ‘/Users/tarnewestcott/Development/pottersbargarage/legacy/pottersbargarage.co.uk/wp-content/plugins/elementor-pro/assets/css/widget-blockquote.min.css?ver=3.25.0.css’

     0K .....                                                 100% 18.2M=0s

2026-06-23 19:41:24 (18.2 MB/s) - ‘/Users/tarnewestcott/Development/pottersbargarage/legacy/pottersbargarage.co.uk/wp-content/plugins/elementor-pro/assets/css/widget-blockquote.min.css?ver=3.25.0.css’ saved [5236/5236]

--2026-06-23 19:41:24--  https://pottersbargarage.co.uk/wp-content/plugins/elementor-pro/assets/css/widget-mega-menu.min.css?ver=3.26.2
Reusing existing connection to pottersbargarage.co.uk:443.
HTTP request sent, awaiting response... 200 OK
Length: 19786 (19K) [text/css]
Saving to: ‘/Users/tarnewestcott/Development/pottersbargarage/legacy/pottersbargarage.co.uk/wp-content/plugins/elementor-pro/assets/css/widget-mega-menu.min.css?ver=3.26.2.css’

     0K .......... .........                                  100% 29.9M=0.001s

2026-06-23 19:41:25 (29.9 MB/s) - ‘/Users/tarnewestcott/Development/pottersbargarage/legacy/pottersbargarage.co.uk/wp-content/plugins/elementor-pro/assets/css/widget-mega-menu.min.css?ver=3.26.2.css’ saved [19786/19786]

--2026-06-23 19:41:25--  https://pottersbargarage.co.uk/wp-content/plugins/elementor-pro/assets/css/widget-nav-menu.min.css?ver=3.26.0
Reusing existing connection to pottersbargarage.co.uk:443.
HTTP request sent, awaiting response... 200 OK
Length: 27363 (27K) [text/css]
Saving to: ‘/Users/tarnewestcott/Development/pottersbargarage/legacy/pottersbargarage.co.uk/wp-content/plugins/elementor-pro/assets/css/widget-nav-menu.min.css?ver=3.26.0.css’

     0K .......... .......... ......                          100% 1.20M=0.02s

2026-06-23 19:41:25 (1.20 MB/s) - ‘/Users/tarnewestcott/Development/pottersbargarage/legacy/pottersbargarage.co.uk/wp-content/plugins/elementor-pro/assets/css/widget-nav-menu.min.css?ver=3.26.0.css’ saved [27363/27363]

--2026-06-23 19:41:26--  https://pottersbargarage.co.uk/wp-content/themes/salient/css/salient-dynamic-styles.css?ver=93711
Reusing existing connection to pottersbargarage.co.uk:443.
HTTP request sent, awaiting response... 200 OK
Length: 101727 (99K) [text/css]
Saving to: ‘/Users/tarnewestcott/Development/pottersbargarage/legacy/pottersbargarage.co.uk/wp-content/themes/salient/css/salient-dynamic-styles.css?ver=93711.css’

     0K .......... .......... .......... .......... .......... 50%  949K 0s
    50K .......... .......... .......... .......... ......... 100% 2.09M=0.08s

2026-06-23 19:41:26 (1.28 MB/s) - ‘/Users/tarnewestcott/Development/pottersbargarage/legacy/pottersbargarage.co.uk/wp-content/themes/salient/css/salient-dynamic-styles.css?ver=93711.css’ saved [101727/101727]

--2026-06-23 19:41:27--  https://pottersbargarage.co.uk/wp-content/uploads/elementor/google-fonts/css/roboto.css?ver=1742601942
Reusing existing connection to pottersbargarage.co.uk:443.
HTTP request sent, awaiting response... 200 OK
Length: 104814 (102K) [text/css]
Saving to: ‘/Users/tarnewestcott/Development/pottersbargarage/legacy/pottersbargarage.co.uk/wp-content/uploads/elementor/google-fonts/css/roboto.css?ver=1742601942.css’

     0K .......... .......... .......... .......... .......... 48% 1.02M 0s
    50K .......... .......... .......... .......... .......... 97% 2.18M 0s
   100K ..                                                    100% 47.1K=0.07s

2026-06-23 19:41:27 (1.43 MB/s) - ‘/Users/tarnewestcott/Development/pottersbargarage/legacy/pottersbargarage.co.uk/wp-content/uploads/elementor/google-fonts/css/roboto.css?ver=1742601942.css’ saved [104814/104814]

--2026-06-23 19:41:28--  https://pottersbargarage.co.uk/wp-content/uploads/elementor/google-fonts/css/robotoslab.css?ver=1742601944
Reusing existing connection to pottersbargarage.co.uk:443.
HTTP request sent, awaiting response... 200 OK
Length: 23940 (23K) [text/css]
Saving to: ‘/Users/tarnewestcott/Development/pottersbargarage/legacy/pottersbargarage.co.uk/wp-content/uploads/elementor/google-fonts/css/robotoslab.css?ver=1742601944.css’

     0K .......... .......... ...                             100% 1022K=0.02s

2026-06-23 19:41:28 (1022 KB/s) - ‘/Users/tarnewestcott/Development/pottersbargarage/legacy/pottersbargarage.co.uk/wp-content/uploads/elementor/google-fonts/css/robotoslab.css?ver=1742601944.css’ saved [23940/23940]

--2026-06-23 19:41:28--  https://pottersbargarage.co.uk/wp-content/uploads/elementor/google-fonts/css/raleway.css?ver=1742601946
Reusing existing connection to pottersbargarage.co.uk:443.
HTTP request sent, awaiting response... 200 OK
Length: 35442 (35K) [text/css]
Saving to: ‘/Users/tarnewestcott/Development/pottersbargarage/legacy/pottersbargarage.co.uk/wp-content/uploads/elementor/google-fonts/css/raleway.css?ver=1742601946.css’

     0K .......... .......... .......... ....                 100% 29.2M=0.001s

2026-06-23 19:41:29 (29.2 MB/s) - ‘/Users/tarnewestcott/Development/pottersbargarage/legacy/pottersbargarage.co.uk/wp-content/uploads/elementor/google-fonts/css/raleway.css?ver=1742601946.css’ saved [35442/35442]

--2026-06-23 19:41:29--  https://pottersbargarage.co.uk/wp-content/uploads/elementor/google-fonts/css/montserrat.css?ver=1742601948
Reusing existing connection to pottersbargarage.co.uk:443.
HTTP request sent, awaiting response... 200 OK
Length: 36342 (35K) [text/css]
Saving to: ‘/Users/tarnewestcott/Development/pottersbargarage/legacy/pottersbargarage.co.uk/wp-content/uploads/elementor/google-fonts/css/montserrat.css?ver=1742601948.css’

     0K .......... .......... .......... .....                100% 1.39M=0.02s

2026-06-23 19:41:29 (1.39 MB/s) - ‘/Users/tarnewestcott/Development/pottersbargarage/legacy/pottersbargarage.co.uk/wp-content/uploads/elementor/google-fonts/css/montserrat.css?ver=1742601948.css’ saved [36342/36342]

--2026-06-23 19:41:30--  https://pottersbargarage.co.uk/wp-content/uploads/elementor/google-fonts/css/quicksand.css?ver=1742601948
Reusing existing connection to pottersbargarage.co.uk:443.
HTTP request sent, awaiting response... 200 OK
Length: 6630 (6.5K) [text/css]
Saving to: ‘/Users/tarnewestcott/Development/pottersbargarage/legacy/pottersbargarage.co.uk/wp-content/uploads/elementor/google-fonts/css/quicksand.css?ver=1742601948.css’

     0K ......                                                100% 22.3M=0s

2026-06-23 19:41:30 (22.3 MB/s) - ‘/Users/tarnewestcott/Development/pottersbargarage/legacy/pottersbargarage.co.uk/wp-content/uploads/elementor/google-fonts/css/quicksand.css?ver=1742601948.css’ saved [6630/6630]

--2026-06-23 19:41:31--  https://pottersbargarage.co.uk/wp-content/uploads/elementor/google-fonts/css/lexend.css?ver=1742601949
Reusing existing connection to pottersbargarage.co.uk:443.
HTTP request sent, awaiting response... 200 OK
Length: 11664 (11K) [text/css]
Saving to: ‘/Users/tarnewestcott/Development/pottersbargarage/legacy/pottersbargarage.co.uk/wp-content/uploads/elementor/google-fonts/css/lexend.css?ver=1742601949.css’

     0K .......... .                                          100% 1.36G=0s

2026-06-23 19:41:31 (1.36 GB/s) - ‘/Users/tarnewestcott/Development/pottersbargarage/legacy/pottersbargarage.co.uk/wp-content/uploads/elementor/google-fonts/css/lexend.css?ver=1742601949.css’ saved [11664/11664]

--2026-06-23 19:41:31--  https://pottersbargarage.co.uk/wp-content/plugins/elementor/assets/lib/font-awesome/css/fontawesome.min.css?ver=5.15.3
Reusing existing connection to pottersbargarage.co.uk:443.
HTTP request sent, awaiting response... 200 OK
Length: 58071 (57K) [text/css]
Saving to: ‘/Users/tarnewestcott/Development/pottersbargarage/legacy/pottersbargarage.co.uk/wp-content/plugins/elementor/assets/lib/font-awesome/css/fontawesome.min.css?ver=5.15.3.css’

     0K .......... .......... .......... .......... .......... 88%  924K 0s
    50K ......                                                100%  134K=0.05s

2026-06-23 19:41:31 (1.02 MB/s) - ‘/Users/tarnewestcott/Development/pottersbargarage/legacy/pottersbargarage.co.uk/wp-content/plugins/elementor/assets/lib/font-awesome/css/fontawesome.min.css?ver=5.15.3.css’ saved [58071/58071]

--2026-06-23 19:41:31--  https://pottersbargarage.co.uk/wp-content/plugins/elementor/assets/lib/font-awesome/css/solid.min.css?ver=5.15.3
Reusing existing connection to pottersbargarage.co.uk:443.
HTTP request sent, awaiting response... 200 OK
Length: 669 [text/css]
Saving to: ‘/Users/tarnewestcott/Development/pottersbargarage/legacy/pottersbargarage.co.uk/wp-content/plugins/elementor/assets/lib/font-awesome/css/solid.min.css?ver=5.15.3.css’

     0K                                                       100% 91.1M=0s

2026-06-23 19:41:31 (91.1 MB/s) - ‘/Users/tarnewestcott/Development/pottersbargarage/legacy/pottersbargarage.co.uk/wp-content/plugins/elementor/assets/lib/font-awesome/css/solid.min.css?ver=5.15.3.css’ saved [669/669]

--2026-06-23 19:41:32--  https://pottersbargarage.co.uk/wp-content/plugins/elementor/assets/lib/font-awesome/css/regular.min.css?ver=5.15.3
Reusing existing connection to pottersbargarage.co.uk:443.
HTTP request sent, awaiting response... 200 OK
Length: 677 [text/css]
Saving to: ‘/Users/tarnewestcott/Development/pottersbargarage/legacy/pottersbargarage.co.uk/wp-content/plugins/elementor/assets/lib/font-awesome/css/regular.min.css?ver=5.15.3.css’

     0K                                                       100% 92.2M=0s

2026-06-23 19:41:32 (92.2 MB/s) - ‘/Users/tarnewestcott/Development/pottersbargarage/legacy/pottersbargarage.co.uk/wp-content/plugins/elementor/assets/lib/font-awesome/css/regular.min.css?ver=5.15.3.css’ saved [677/677]

--2026-06-23 19:41:32--  https://pottersbargarage.co.uk/wp-content/plugins/elementor/assets/lib/font-awesome/css/brands.min.css?ver=5.15.3
Reusing existing connection to pottersbargarage.co.uk:443.
HTTP request sent, awaiting response... 200 OK
Length: 675 [text/css]
Saving to: ‘/Users/tarnewestcott/Development/pottersbargarage/legacy/pottersbargarage.co.uk/wp-content/plugins/elementor/assets/lib/font-awesome/css/brands.min.css?ver=5.15.3.css’

     0K                                                       100% 92.0M=0s

2026-06-23 19:41:33 (92.0 MB/s) - ‘/Users/tarnewestcott/Development/pottersbargarage/legacy/pottersbargarage.co.uk/wp-content/plugins/elementor/assets/lib/font-awesome/css/brands.min.css?ver=5.15.3.css’ saved [675/675]

--2026-06-23 19:41:33--  https://pottersbargarage.co.uk/wp-includes/js/jquery/jquery.min.js?ver=3.7.1
Reusing existing connection to pottersbargarage.co.uk:443.
HTTP request sent, awaiting response... 304 Not Modified
File ‘/Users/tarnewestcott/Development/pottersbargarage/legacy/pottersbargarage.co.uk/wp-includes/js/jquery/jquery.min.js?ver=3.7.1’ not modified on server. Omitting download.

--2026-06-23 19:41:34--  https://pottersbargarage.co.uk/wp-includes/js/jquery/jquery-migrate.min.js?ver=3.4.1
Reusing existing connection to pottersbargarage.co.uk:443.
HTTP request sent, awaiting response... 304 Not Modified
File ‘/Users/tarnewestcott/Development/pottersbargarage/legacy/pottersbargarage.co.uk/wp-includes/js/jquery/jquery-migrate.min.js?ver=3.4.1’ not modified on server. Omitting download.

--2026-06-23 19:41:34--  https://pottersbargarage.co.uk/wp-content/plugins/elementor/assets/lib/font-awesome/js/v4-shims.min.js?ver=4.1.3
Reusing existing connection to pottersbargarage.co.uk:443.
HTTP request sent, awaiting response... 304 Not Modified
File ‘/Users/tarnewestcott/Development/pottersbargarage/legacy/pottersbargarage.co.uk/wp-content/plugins/elementor/assets/lib/font-awesome/js/v4-shims.min.js?ver=4.1.3’ not modified on server. Omitting download.

--2026-06-23 19:41:35--  https://pottersbargarage.co.uk/wp-content/plugins/happy-elementor-addons/assets/vendor/dom-purify/purify.min.js?ver=3.1.6
Reusing existing connection to pottersbargarage.co.uk:443.
HTTP request sent, awaiting response... 304 Not Modified
File ‘/Users/tarnewestcott/Development/pottersbargarage/legacy/pottersbargarage.co.uk/wp-content/plugins/happy-elementor-addons/assets/vendor/dom-purify/purify.min.js?ver=3.1.6’ not modified on server. Omitting download.

--2026-06-23 19:41:36--  https://pottersbargarage.co.uk/wp-json/
Reusing existing connection to pottersbargarage.co.uk:443.
HTTP request sent, awaiting response... 200 OK
Length: unspecified [application/json]
Saving to: ‘/Users/tarnewestcott/Development/pottersbargarage/legacy/pottersbargarage.co.uk/wp-json/index.html’

     0K .......... .......... .......... .......... .......... 1.70M
    50K .......... .......... .......... .......... .......... 2.00M
   100K .......... .......... .......... .......... .......... 8.00M
   150K .......... .......... .......... .......... .......... 2.60M
   200K .......... .......... .......... .......... ..........  240K
   250K .......... .......... .......... .......... .......... 40.5M
   300K ....                                                   11.1M=0.3s

Last-modified header missing -- time-stamps turned off.
2026-06-23 19:41:36 (1.03 MB/s) - ‘/Users/tarnewestcott/Development/pottersbargarage/legacy/pottersbargarage.co.uk/wp-json/index.html’ saved [311603]

--2026-06-23 19:41:37--  https://pottersbargarage.co.uk/wp-json/wp/v2/pages/73
Reusing existing connection to pottersbargarage.co.uk:443.
HTTP request sent, awaiting response... 200 OK
Length: unspecified [application/json]
Saving to: ‘/Users/tarnewestcott/Development/pottersbargarage/legacy/pottersbargarage.co.uk/wp-json/wp/v2/pages/73’

     0K .......... .......... .......... .......... .......... 1.15M
    50K .......... .......... .......... .......... ..         19.9M=0.04s

Last-modified header missing -- time-stamps turned off.
2026-06-23 19:41:37 (2.04 MB/s) - ‘/Users/tarnewestcott/Development/pottersbargarage/legacy/pottersbargarage.co.uk/wp-json/wp/v2/pages/73’ saved [94736]

--2026-06-23 19:41:38--  https://pottersbargarage.co.uk/wp-content/uploads/2022/03/cropped-logo-mini-32x32.png
Reusing existing connection to pottersbargarage.co.uk:443.
HTTP request sent, awaiting response... 304 Not Modified
File ‘/Users/tarnewestcott/Development/pottersbargarage/legacy/pottersbargarage.co.uk/wp-content/uploads/2022/03/cropped-logo-mini-32x32.png’ not modified on server. Omitting download.

--2026-06-23 19:41:39--  https://pottersbargarage.co.uk/wp-content/uploads/2022/03/cropped-logo-mini-192x192.png
Reusing existing connection to pottersbargarage.co.uk:443.
HTTP request sent, awaiting response... 304 Not Modified
File ‘/Users/tarnewestcott/Development/pottersbargarage/legacy/pottersbargarage.co.uk/wp-content/uploads/2022/03/cropped-logo-mini-192x192.png’ not modified on server. Omitting download.

--2026-06-23 19:41:39--  https://pottersbargarage.co.uk/wp-content/uploads/2022/03/cropped-logo-mini-180x180.png
Reusing existing connection to pottersbargarage.co.uk:443.
HTTP request sent, awaiting response... 304 Not Modified
File ‘/Users/tarnewestcott/Development/pottersbargarage/legacy/pottersbargarage.co.uk/wp-content/uploads/2022/03/cropped-logo-mini-180x180.png’ not modified on server. Omitting download.

--2026-06-23 19:41:40--  https://pottersbargarage.co.uk/wp-content/uploads/2022/03/Skew-Green-BG-1.png
Reusing existing connection to pottersbargarage.co.uk:443.
HTTP request sent, awaiting response... 304 Not Modified
File ‘/Users/tarnewestcott/Development/pottersbargarage/legacy/pottersbargarage.co.uk/wp-content/uploads/2022/03/Skew-Green-BG-1.png’ not modified on server. Omitting download.

--2026-06-23 19:41:40--  https://pottersbargarage.co.uk/wp-content/uploads/elementor/thumbs/Potters-Bar-Logo-PNG-1-po30l5fmrao1ggq2g3os6dj2pi7qbq2jcnt2ilt3ss.png
Reusing existing connection to pottersbargarage.co.uk:443.
HTTP request sent, awaiting response... 304 Not Modified
File ‘/Users/tarnewestcott/Development/pottersbargarage/legacy/pottersbargarage.co.uk/wp-content/uploads/elementor/thumbs/Potters-Bar-Logo-PNG-1-po30l5fmrao1ggq2g3os6dj2pi7qbq2jcnt2ilt3ss.png’ not modified on server. Omitting download.

--2026-06-23 19:41:41--  https://pottersbargarage.co.uk/about/
Reusing existing connection to pottersbargarage.co.uk:443.
HTTP request sent, awaiting response... 200 OK
Length: unspecified [text/html]
Saving to: ‘/Users/tarnewestcott/Development/pottersbargarage/legacy/pottersbargarage.co.uk/about/index.html’

     0K .......... .......... .......... .......... .......... 3.92M
    50K .......... .......... .......... .......... .......... 1.86M
   100K .......... .......... .......... .......... .......... 7.63M
   150K .......... .......... .......... .........             5.05M=0.05s

Last-modified header missing -- time-stamps turned off.
2026-06-23 19:41:41 (3.50 MB/s) - ‘/Users/tarnewestcott/Development/pottersbargarage/legacy/pottersbargarage.co.uk/about/index.html’ saved [193981]

--2026-06-23 19:41:42--  https://pottersbargarage.co.uk/services/
Reusing existing connection to pottersbargarage.co.uk:443.
HTTP request sent, awaiting response... 200 OK
Length: unspecified [text/html]
Saving to: ‘/Users/tarnewestcott/Development/pottersbargarage/legacy/pottersbargarage.co.uk/services/index.html’

     0K .......... .......... .......... .......... .......... 3.85M
    50K .......... .......... .......... .......... .......... 1.92M
   100K .......... .......... .......... .......... .......... 7.23M
   150K .......... .......... .......... .......... ..........  231K
   200K ........                                               12.5M=0.3s

Last-modified header missing -- time-stamps turned off.
2026-06-23 19:41:43 (796 KB/s) - ‘/Users/tarnewestcott/Development/pottersbargarage/legacy/pottersbargarage.co.uk/services/index.html’ saved [213421]

--2026-06-23 19:41:43--  https://pottersbargarage.co.uk/air-conditioning/
Reusing existing connection to pottersbargarage.co.uk:443.
HTTP request sent, awaiting response... 200 OK
Length: unspecified [text/html]
Saving to: ‘/Users/tarnewestcott/Development/pottersbargarage/legacy/pottersbargarage.co.uk/air-conditioning/index.html’

     0K .......... .......... .......... .......... .......... 2.87M
    50K .......... .......... .......... .......... .......... 1.82M
   100K .......... .......... .......... .......... .......... 11.7M
   150K .......... .......... .......... .......... .          9.69M=0.05s

Last-modified header missing -- time-stamps turned off.
2026-06-23 19:41:44 (3.59 MB/s) - ‘/Users/tarnewestcott/Development/pottersbargarage/legacy/pottersbargarage.co.uk/air-conditioning/index.html’ saved [196524]

--2026-06-23 19:41:45--  https://pottersbargarage.co.uk/brakes/
Reusing existing connection to pottersbargarage.co.uk:443.
HTTP request sent, awaiting response... 200 OK
Length: unspecified [text/html]
Saving to: ‘/Users/tarnewestcott/Development/pottersbargarage/legacy/pottersbargarage.co.uk/brakes/index.html’

     0K .......... .......... .......... .......... .......... 4.37M
    50K .......... .......... .......... .......... .......... 1.84M
   100K .......... .......... .......... .......... .......... 6.75M
   150K .......... .......... .......... .......... .          11.7M=0.05s

Last-modified header missing -- time-stamps turned off.
2026-06-23 19:41:45 (3.87 MB/s) - ‘/Users/tarnewestcott/Development/pottersbargarage/legacy/pottersbargarage.co.uk/brakes/index.html’ saved [196353]

--2026-06-23 19:41:46--  https://pottersbargarage.co.uk/batteries/
Reusing existing connection to pottersbargarage.co.uk:443.
HTTP request sent, awaiting response... 200 OK
Length: unspecified [text/html]
Saving to: ‘/Users/tarnewestcott/Development/pottersbargarage/legacy/pottersbargarage.co.uk/batteries/index.html’

     0K .......... .......... .......... .......... .......... 3.05M
    50K .......... .......... .......... .......... .......... 1.95M
   100K .......... .......... .......... .......... .......... 9.77M
   150K .......... .......... .......... .......... .          7.89M=0.05s

Last-modified header missing -- time-stamps turned off.
2026-06-23 19:41:46 (3.66 MB/s) - ‘/Users/tarnewestcott/Development/pottersbargarage/legacy/pottersbargarage.co.uk/batteries/index.html’ saved [196363]

--2026-06-23 19:41:47--  https://pottersbargarage.co.uk/bodywork/
Reusing existing connection to pottersbargarage.co.uk:443.
HTTP request sent, awaiting response... 200 OK
Length: unspecified [text/html]
Saving to: ‘/Users/tarnewestcott/Development/pottersbargarage/legacy/pottersbargarage.co.uk/bodywork/index.html’

     0K .......... .......... .......... .......... .......... 2.89M
    50K .......... .......... .......... .......... .......... 1.83M
   100K .......... .......... .......... .......... .......... 7.41M
   150K .......... .......... .......... .......... .          13.3M=0.05s

Last-modified header missing -- time-stamps turned off.
2026-06-23 19:41:47 (3.52 MB/s) - ‘/Users/tarnewestcott/Development/pottersbargarage/legacy/pottersbargarage.co.uk/bodywork/index.html’ saved [196567]

--2026-06-23 19:41:48--  https://pottersbargarage.co.uk/diagnostics/
Reusing existing connection to pottersbargarage.co.uk:443.
HTTP request sent, awaiting response... 200 OK
Length: unspecified [text/html]
Saving to: ‘/Users/tarnewestcott/Development/pottersbargarage/legacy/pottersbargarage.co.uk/diagnostics/index.html’

     0K .......... .......... .......... .......... .......... 3.54M
    50K .......... .......... .......... .......... .......... 1.97M
   100K .......... .......... .......... .......... .......... 9.52M
   150K .......... .......... .......... .......... ..         15.8M=0.05s

Last-modified header missing -- time-stamps turned off.
2026-06-23 19:41:49 (4.05 MB/s) - ‘/Users/tarnewestcott/Development/pottersbargarage/legacy/pottersbargarage.co.uk/diagnostics/index.html’ saved [196801]

--2026-06-23 19:41:49--  https://pottersbargarage.co.uk/electric-hybrid/
Reusing existing connection to pottersbargarage.co.uk:443.
HTTP request sent, awaiting response... 200 OK
Length: unspecified [text/html]
Saving to: ‘/Users/tarnewestcott/Development/pottersbargarage/legacy/pottersbargarage.co.uk/electric-hybrid/index.html’

     0K .......... .......... .......... .......... .......... 32.6M
    50K .......... .......... .......... .......... .......... 3.87M
   100K .......... .......... .......... .......... .......... 10.0M
   150K .......... .......... .......... .......... ..         1.91M=0.04s

Last-modified header missing -- time-stamps turned off.
2026-06-23 19:41:50 (4.62 MB/s) - ‘/Users/tarnewestcott/Development/pottersbargarage/legacy/pottersbargarage.co.uk/electric-hybrid/index.html’ saved [196913]

--2026-06-23 19:41:50--  https://pottersbargarage.co.uk/exhausts/
Reusing existing connection to pottersbargarage.co.uk:443.
HTTP request sent, awaiting response... 200 OK
Length: unspecified [text/html]
Saving to: ‘/Users/tarnewestcott/Development/pottersbargarage/legacy/pottersbargarage.co.uk/exhausts/index.html’

     0K .......... .......... .......... .......... .......... 29.7M
    50K .......... .......... .......... .......... .......... 3.56M
   100K .......... .......... .......... .......... .......... 7.20M
   150K .......... .......... .......... .......... .           188K=0.2s

Last-modified header missing -- time-stamps turned off.
2026-06-23 19:41:51 (784 KB/s) - ‘/Users/tarnewestcott/Development/pottersbargarage/legacy/pottersbargarage.co.uk/exhausts/index.html’ saved [196397]

--2026-06-23 19:41:52--  https://pottersbargarage.co.uk/mot/
Reusing existing connection to pottersbargarage.co.uk:443.
HTTP request sent, awaiting response... 200 OK
Length: unspecified [text/html]
Saving to: ‘/Users/tarnewestcott/Development/pottersbargarage/legacy/pottersbargarage.co.uk/mot/index.html’

     0K .......... .......... .......... .......... .......... 3.53M
    50K .......... .......... .......... .......... .......... 1.82M
   100K .......... .......... .......... .......... .......... 5.02M
   150K .......... .......... .......... .......... .          19.2M=0.05s

Last-modified header missing -- time-stamps turned off.
2026-06-23 19:41:52 (3.57 MB/s) - ‘/Users/tarnewestcott/Development/pottersbargarage/legacy/pottersbargarage.co.uk/mot/index.html’ saved [196357]

--2026-06-23 19:41:53--  https://pottersbargarage.co.uk/servicing/
Reusing existing connection to pottersbargarage.co.uk:443.
HTTP request sent, awaiting response... 200 OK
Length: unspecified [text/html]
Saving to: ‘/Users/tarnewestcott/Development/pottersbargarage/legacy/pottersbargarage.co.uk/servicing/index.html’

     0K .......... .......... .......... .......... .......... 28.2M
    50K .......... .......... .......... .......... .......... 3.16M
   100K .......... .......... .......... .......... .......... 10.7M
   150K .......... .......... .......... .......... ..         2.13M=0.04s

Last-modified header missing -- time-stamps turned off.
2026-06-23 19:41:53 (4.57 MB/s) - ‘/Users/tarnewestcott/Development/pottersbargarage/legacy/pottersbargarage.co.uk/servicing/index.html’ saved [196769]

--2026-06-23 19:41:53--  https://pottersbargarage.co.uk/wheel-alignment/
Reusing existing connection to pottersbargarage.co.uk:443.
HTTP request sent, awaiting response... 200 OK
Length: unspecified [text/html]
Saving to: ‘/Users/tarnewestcott/Development/pottersbargarage/legacy/pottersbargarage.co.uk/wheel-alignment/index.html’

     0K .......... .......... .......... .......... .......... 29.6M
    50K .......... .......... .......... .......... .......... 4.46M
   100K .......... .......... .......... .......... .......... 7.12M
   150K .......... .......... .......... .......... ..          187K=0.2s

Last-modified header missing -- time-stamps turned off.
2026-06-23 19:41:54 (784 KB/s) - ‘/Users/tarnewestcott/Development/pottersbargarage/legacy/pottersbargarage.co.uk/wheel-alignment/index.html’ saved [196654]

--2026-06-23 19:41:55--  https://pottersbargarage.co.uk/blog/
Reusing existing connection to pottersbargarage.co.uk:443.
HTTP request sent, awaiting response... 200 OK
Length: unspecified [text/html]
Saving to: ‘/Users/tarnewestcott/Development/pottersbargarage/legacy/pottersbargarage.co.uk/blog/index.html’

     0K .......... .......... .......... .......... .......... 1.35M
    50K .......... .......... .......... .......... .......... 3.27M
   100K .......... .......... .......... .......... .......... 4.49M
   150K .......... .......... .......... .......               30.7M=0.06s

Last-modified header missing -- time-stamps turned off.
2026-06-23 19:41:55 (2.89 MB/s) - ‘/Users/tarnewestcott/Development/pottersbargarage/legacy/pottersbargarage.co.uk/blog/index.html’ saved [192064]

--2026-06-23 19:41:56--  https://pottersbargarage.co.uk/contact/
Reusing existing connection to pottersbargarage.co.uk:443.
HTTP request sent, awaiting response... 200 OK
Length: unspecified [text/html]
Saving to: ‘/Users/tarnewestcott/Development/pottersbargarage/legacy/pottersbargarage.co.uk/contact/index.html’

     0K .......... .......... .......... .......... .......... 3.64M
    50K .......... .......... .......... .......... .......... 1.74M
   100K .......... .......... .......... .......... .......... 13.0M
   150K .......... .......... .......... ........              22.6M=0.05s

Last-modified header missing -- time-stamps turned off.
2026-06-23 19:41:57 (3.93 MB/s) - ‘/Users/tarnewestcott/Development/pottersbargarage/legacy/pottersbargarage.co.uk/contact/index.html’ saved [193024]

--2026-06-23 19:41:57--  https://pottersbargarage.co.uk/wp-content/uploads/2022/03/mail-and-phone-1.png
Reusing existing connection to pottersbargarage.co.uk:443.
HTTP request sent, awaiting response... 304 Not Modified
File ‘/Users/tarnewestcott/Development/pottersbargarage/legacy/pottersbargarage.co.uk/wp-content/uploads/2022/03/mail-and-phone-1.png’ not modified on server. Omitting download.

--2026-06-23 19:41:58--  https://pottersbargarage.co.uk/wp-content/uploads/elementor/thumbs/Potters-Bar-Logo-PNG-1-po30l5fmrao1ntwb6v2pgnadifzz1dsg6e9g4xo96u.png
Reusing existing connection to pottersbargarage.co.uk:443.
HTTP request sent, awaiting response... 304 Not Modified
File ‘/Users/tarnewestcott/Development/pottersbargarage/legacy/pottersbargarage.co.uk/wp-content/uploads/elementor/thumbs/Potters-Bar-Logo-PNG-1-po30l5fmrao1ntwb6v2pgnadifzz1dsg6e9g4xo96u.png’ not modified on server. Omitting download.

--2026-06-23 19:41:59--  https://pottersbargarage.co.uk/wp-content/plugins/revslider/public/assets/assets/dummy.png
Reusing existing connection to pottersbargarage.co.uk:443.
HTTP request sent, awaiting response... 304 Not Modified
File ‘/Users/tarnewestcott/Development/pottersbargarage/legacy/pottersbargarage.co.uk/wp-content/plugins/revslider/public/assets/assets/dummy.png’ not modified on server. Omitting download.

--2026-06-23 19:41:59--  https://pottersbargarage.co.uk/wp-content/uploads/elementor/thumbs/technical-support-2-po30b5fetw725dex3vrvqbxkqmy4zipe2n73c1oupg.png
Reusing existing connection to pottersbargarage.co.uk:443.
HTTP request sent, awaiting response... 304 Not Modified
File ‘/Users/tarnewestcott/Development/pottersbargarage/legacy/pottersbargarage.co.uk/wp-content/uploads/elementor/thumbs/technical-support-2-po30b5fetw725dex3vrvqbxkqmy4zipe2n73c1oupg.png’ not modified on server. Omitting download.

--2026-06-23 19:42:00--  https://pottersbargarage.co.uk/wp-content/uploads/elementor/thumbs/mechanic-2-po30cm2dgm747jagkiizlyne07qoykicxvqa7jit10.png
Reusing existing connection to pottersbargarage.co.uk:443.
HTTP request sent, awaiting response... 304 Not Modified
File ‘/Users/tarnewestcott/Development/pottersbargarage/legacy/pottersbargarage.co.uk/wp-content/uploads/elementor/thumbs/mechanic-2-po30cm2dgm747jagkiizlyne07qoykicxvqa7jit10.png’ not modified on server. Omitting download.

--2026-06-23 19:42:00--  https://pottersbargarage.co.uk/wp-content/uploads/elementor/thumbs/diagnostic-2-po30d4v59awunqj5iqniztwlvx618ikzogrzt2qxkk.png
Reusing existing connection to pottersbargarage.co.uk:443.
HTTP request sent, awaiting response... 304 Not Modified
File ‘/Users/tarnewestcott/Development/pottersbargarage/legacy/pottersbargarage.co.uk/wp-content/uploads/elementor/thumbs/diagnostic-2-po30d4v59awunqj5iqniztwlvx618ikzogrzt2qxkk.png’ not modified on server. Omitting download.

--2026-06-23 19:42:01--  https://pottersbargarage.co.uk/wp-content/uploads/elementor/thumbs/service-1-po30dtaybdpy7ed0zxay09mffo8qntll1074wesf2w.png
Reusing existing connection to pottersbargarage.co.uk:443.
HTTP request sent, awaiting response... 304 Not Modified
File ‘/Users/tarnewestcott/Development/pottersbargarage/legacy/pottersbargarage.co.uk/wp-content/uploads/elementor/thumbs/service-1-po30dtaybdpy7ed0zxay09mffo8qntll1074wesf2w.png’ not modified on server. Omitting download.

--2026-06-23 19:42:01--  https://pottersbargarage.co.uk/wp-content/uploads/elementor/thumbs/Diagnostics-1-po30eex8okjjmfhmhond3m613ja6kuzerz7axrwd3s.png
Reusing existing connection to pottersbargarage.co.uk:443.
HTTP request sent, awaiting response... 304 Not Modified
File ‘/Users/tarnewestcott/Development/pottersbargarage/legacy/pottersbargarage.co.uk/wp-content/uploads/elementor/thumbs/Diagnostics-1-po30eex8okjjmfhmhond3m613ja6kuzerz7axrwd3s.png’ not modified on server. Omitting download.

--2026-06-23 19:42:02--  https://pottersbargarage.co.uk/wp-content/uploads/elementor/thumbs/MoT-1-po30eynuo3ake8oyaf6j1z6pkmkw2i5ruowi0l33h4.png
Reusing existing connection to pottersbargarage.co.uk:443.
HTTP request sent, awaiting response... 304 Not Modified
File ‘/Users/tarnewestcott/Development/pottersbargarage/legacy/pottersbargarage.co.uk/wp-content/uploads/elementor/thumbs/MoT-1-po30eynuo3ake8oyaf6j1z6pkmkw2i5ruowi0l33h4.png’ not modified on server. Omitting download.

--2026-06-23 19:42:02--  https://pottersbargarage.co.uk/wp-content/uploads/elementor/thumbs/exhaust-pipe-1-po30fiegnm1l61wa35pp0c7e1pvlk5c4xelp3e9tug.png
Reusing existing connection to pottersbargarage.co.uk:443.
HTTP request sent, awaiting response... 304 Not Modified
File ‘/Users/tarnewestcott/Development/pottersbargarage/legacy/pottersbargarage.co.uk/wp-content/uploads/elementor/thumbs/exhaust-pipe-1-po30fiegnm1l61wa35pp0c7e1pvlk5c4xelp3e9tug.png’ not modified on server. Omitting download.

--2026-06-23 19:42:03--  https://pottersbargarage.co.uk/wp-content/uploads/elementor/thumbs/battery-1-po30g4yl7mwgwoziffgqo6igayseovtp0i9cm1cdp4.png
Reusing existing connection to pottersbargarage.co.uk:443.
HTTP request sent, awaiting response... 304 Not Modified
File ‘/Users/tarnewestcott/Development/pottersbargarage/legacy/pottersbargarage.co.uk/wp-content/uploads/elementor/thumbs/battery-1-po30g4yl7mwgwoziffgqo6igayseovtp0i9cm1cdp4.png’ not modified on server. Omitting download.

--2026-06-23 19:42:03--  https://pottersbargarage.co.uk/wp-content/uploads/elementor/thumbs/air-conditioning-1-po30gqkvktq2bq43x6t5rj21yttulx7irh9inegbq0.png
Reusing existing connection to pottersbargarage.co.uk:443.
HTTP request sent, awaiting response... 304 Not Modified
File ‘/Users/tarnewestcott/Development/pottersbargarage/legacy/pottersbargarage.co.uk/wp-content/uploads/elementor/thumbs/air-conditioning-1-po30gqkvktq2bq43x6t5rj21yttulx7irh9inegbq0.png’ not modified on server. Omitting download.

--2026-06-23 19:42:04--  https://pottersbargarage.co.uk/wp-content/uploads/elementor/thumbs/disc-brake-2-1-po30h5mam6anhhi9hdb6vf9fgzrq12v85jpabtu0yg.png
Reusing existing connection to pottersbargarage.co.uk:443.
HTTP request sent, awaiting response... 304 Not Modified
File ‘/Users/tarnewestcott/Development/pottersbargarage/legacy/pottersbargarage.co.uk/wp-content/uploads/elementor/thumbs/disc-brake-2-1-po30h5mam6anhhi9hdb6vf9fgzrq12v85jpabtu0yg.png’ not modified on server. Omitting download.

--2026-06-23 19:42:04--  https://pottersbargarage.co.uk/wp-content/uploads/elementor/thumbs/body-repair-1-po30hs6f675j84lhtn28j9khq8oj5tcs8ncxugwkt4.png
Reusing existing connection to pottersbargarage.co.uk:443.
HTTP request sent, awaiting response... 304 Not Modified
File ‘/Users/tarnewestcott/Development/pottersbargarage/legacy/pottersbargarage.co.uk/wp-content/uploads/elementor/thumbs/body-repair-1-po30hs6f675j84lhtn28j9khq8oj5tcs8ncxugwkt4.png’ not modified on server. Omitting download.

--2026-06-23 19:42:04--  https://pottersbargarage.co.uk/wp-content/uploads/elementor/thumbs/wheel-alignment-1-1-po30ibx15pwjzxstmdlehml67bz8ngj5bd24xa3b6g.png
Reusing existing connection to pottersbargarage.co.uk:443.
HTTP request sent, awaiting response... 304 Not Modified
File ‘/Users/tarnewestcott/Development/pottersbargarage/legacy/pottersbargarage.co.uk/wp-content/uploads/elementor/thumbs/wheel-alignment-1-1-po30ibx15pwjzxstmdlehml67bz8ngj5bd24xa3b6g.png’ not modified on server. Omitting download.

--2026-06-23 19:42:05--  https://pottersbargarage.co.uk/wp-content/uploads/elementor/thumbs/electric-car-1-po30j36cnwxvcmp877dkzxpjfi8vuojd33z7uayw60.png
Reusing existing connection to pottersbargarage.co.uk:443.
HTTP request sent, awaiting response... 304 Not Modified
File ‘/Users/tarnewestcott/Development/pottersbargarage/legacy/pottersbargarage.co.uk/wp-content/uploads/elementor/thumbs/electric-car-1-po30j36cnwxvcmp877dkzxpjfi8vuojd33z7uayw60.png’ not modified on server. Omitting download.

--2026-06-23 19:42:05--  https://pottersbargarage.co.uk/wp-content/plugins/elementor/assets/images/placeholder.png
Reusing existing connection to pottersbargarage.co.uk:443.
HTTP request sent, awaiting response... 304 Not Modified
File ‘/Users/tarnewestcott/Development/pottersbargarage/legacy/pottersbargarage.co.uk/wp-content/plugins/elementor/assets/images/placeholder.png’ not modified on server. Omitting download.

--2026-06-23 19:42:06--  https://pottersbargarage.co.uk/wp-content/uploads/2022/04/Trade-association.png
Reusing existing connection to pottersbargarage.co.uk:443.
HTTP request sent, awaiting response... 304 Not Modified
File ‘/Users/tarnewestcott/Development/pottersbargarage/legacy/pottersbargarage.co.uk/wp-content/uploads/2022/04/Trade-association.png’ not modified on server. Omitting download.

--2026-06-23 19:42:06--  https://pottersbargarage.co.uk/wp-content/uploads/2022/04/Trade-association-300x196.png
Reusing existing connection to pottersbargarage.co.uk:443.
HTTP request sent, awaiting response... 304 Not Modified
File ‘/Users/tarnewestcott/Development/pottersbargarage/legacy/pottersbargarage.co.uk/wp-content/uploads/2022/04/Trade-association-300x196.png’ not modified on server. Omitting download.

--2026-06-23 19:42:07--  https://pottersbargarage.co.uk/wp-content/themes/salient/css/plugins/jquery.fancybox.css?ver=3.3.1
Reusing existing connection to pottersbargarage.co.uk:443.
HTTP request sent, awaiting response... 200 OK
Length: 18298 (18K) [text/css]
Saving to: ‘/Users/tarnewestcott/Development/pottersbargarage/legacy/pottersbargarage.co.uk/wp-content/themes/salient/css/plugins/jquery.fancybox.css?ver=3.3.1.css’

     0K .......... .......                                    100%  766K=0.02s

2026-06-23 19:42:07 (766 KB/s) - ‘/Users/tarnewestcott/Development/pottersbargarage/legacy/pottersbargarage.co.uk/wp-content/themes/salient/css/plugins/jquery.fancybox.css?ver=3.3.1.css’ saved [18298/18298]

--2026-06-23 19:42:07--  https://pottersbargarage.co.uk/wp-content/themes/salient/css/off-canvas/core.css?ver=13.0.5
Reusing existing connection to pottersbargarage.co.uk:443.
HTTP request sent, awaiting response... 200 OK
Length: 26105 (25K) [text/css]
Saving to: ‘/Users/tarnewestcott/Development/pottersbargarage/legacy/pottersbargarage.co.uk/wp-content/themes/salient/css/off-canvas/core.css?ver=13.0.5.css’

     0K .......... .......... .....                           100% 32.7M=0.001s

2026-06-23 19:42:08 (32.7 MB/s) - ‘/Users/tarnewestcott/Development/pottersbargarage/legacy/pottersbargarage.co.uk/wp-content/themes/salient/css/off-canvas/core.css?ver=13.0.5.css’ saved [26105/26105]

--2026-06-23 19:42:08--  https://pottersbargarage.co.uk/wp-content/plugins/revslider/public/assets/css/rs6.css?ver=6.5.11
Reusing existing connection to pottersbargarage.co.uk:443.
HTTP request sent, awaiting response... 200 OK
Length: 57751 (56K) [text/css]
Saving to: ‘/Users/tarnewestcott/Development/pottersbargarage/legacy/pottersbargarage.co.uk/wp-content/plugins/revslider/public/assets/css/rs6.css?ver=6.5.11.css’

     0K .......... .......... .......... .......... .......... 88% 1.07M 0s
    50K ......                                                100%  128K=0.05s

2026-06-23 19:42:08 (1.20 MB/s) - ‘/Users/tarnewestcott/Development/pottersbargarage/legacy/pottersbargarage.co.uk/wp-content/plugins/revslider/public/assets/css/rs6.css?ver=6.5.11.css’ saved [57751/57751]

--2026-06-23 19:42:09--  https://pottersbargarage.co.uk/wp-content/plugins/revslider/public/assets/js/rbtools.min.js?ver=6.5.11
Reusing existing connection to pottersbargarage.co.uk:443.
HTTP request sent, awaiting response... 304 Not Modified
File ‘/Users/tarnewestcott/Development/pottersbargarage/legacy/pottersbargarage.co.uk/wp-content/plugins/revslider/public/assets/js/rbtools.min.js?ver=6.5.11’ not modified on server. Omitting download.

--2026-06-23 19:42:09--  https://pottersbargarage.co.uk/wp-content/plugins/revslider/public/assets/js/rs6.min.js?ver=6.5.11
Reusing existing connection to pottersbargarage.co.uk:443.
HTTP request sent, awaiting response... 304 Not Modified
File ‘/Users/tarnewestcott/Development/pottersbargarage/legacy/pottersbargarage.co.uk/wp-content/plugins/revslider/public/assets/js/rs6.min.js?ver=6.5.11’ not modified on server. Omitting download.

--2026-06-23 19:42:10--  https://pottersbargarage.co.uk/wp-content/plugins/salient-social/js/salient-social.js?ver=1.2
Reusing existing connection to pottersbargarage.co.uk:443.
HTTP request sent, awaiting response... 304 Not Modified
File ‘/Users/tarnewestcott/Development/pottersbargarage/legacy/pottersbargarage.co.uk/wp-content/plugins/salient-social/js/salient-social.js?ver=1.2’ not modified on server. Omitting download.

--2026-06-23 19:42:10--  https://pottersbargarage.co.uk/wp-content/uploads/premium-addons-elementor/pafe-73.js?ver=1747221918
Reusing existing connection to pottersbargarage.co.uk:443.
HTTP request sent, awaiting response... 304 Not Modified
File ‘/Users/tarnewestcott/Development/pottersbargarage/legacy/pottersbargarage.co.uk/wp-content/uploads/premium-addons-elementor/pafe-73.js?ver=1747221918’ not modified on server. Omitting download.

--2026-06-23 19:42:11--  https://pottersbargarage.co.uk/wp-content/plugins/elementor/assets/js/webpack.runtime.min.js?ver=4.1.3
Reusing existing connection to pottersbargarage.co.uk:443.
HTTP request sent, awaiting response... 304 Not Modified
File ‘/Users/tarnewestcott/Development/pottersbargarage/legacy/pottersbargarage.co.uk/wp-content/plugins/elementor/assets/js/webpack.runtime.min.js?ver=4.1.3’ not modified on server. Omitting download.

--2026-06-23 19:42:12--  https://pottersbargarage.co.uk/wp-content/plugins/elementor/assets/js/frontend-modules.min.js?ver=4.1.3
Reusing existing connection to pottersbargarage.co.uk:443.
HTTP request sent, awaiting response... 304 Not Modified
File ‘/Users/tarnewestcott/Development/pottersbargarage/legacy/pottersbargarage.co.uk/wp-content/plugins/elementor/assets/js/frontend-modules.min.js?ver=4.1.3’ not modified on server. Omitting download.

--2026-06-23 19:42:12--  https://pottersbargarage.co.uk/wp-includes/js/jquery/ui/core.min.js?ver=1.13.3
Reusing existing connection to pottersbargarage.co.uk:443.
HTTP request sent, awaiting response... 304 Not Modified
File ‘/Users/tarnewestcott/Development/pottersbargarage/legacy/pottersbargarage.co.uk/wp-includes/js/jquery/ui/core.min.js?ver=1.13.3’ not modified on server. Omitting download.

--2026-06-23 19:42:13--  https://pottersbargarage.co.uk/wp-content/plugins/elementor/assets/js/frontend.min.js?ver=4.1.3
Reusing existing connection to pottersbargarage.co.uk:443.
HTTP request sent, awaiting response... 304 Not Modified
File ‘/Users/tarnewestcott/Development/pottersbargarage/legacy/pottersbargarage.co.uk/wp-content/plugins/elementor/assets/js/frontend.min.js?ver=4.1.3’ not modified on server. Omitting download.

--2026-06-23 19:42:13--  https://pottersbargarage.co.uk/wp-content/plugins/happy-elementor-addons/assets/js/happy-addons.min.js?ver=3.22.0
Reusing existing connection to pottersbargarage.co.uk:443.
HTTP request sent, awaiting response... 304 Not Modified
File ‘/Users/tarnewestcott/Development/pottersbargarage/legacy/pottersbargarage.co.uk/wp-content/plugins/happy-elementor-addons/assets/js/happy-addons.min.js?ver=3.22.0’ not modified on server. Omitting download.

--2026-06-23 19:42:14--  https://pottersbargarage.co.uk/wp-content/uploads/premium-addons-elementor/pafe-50.js?ver=1747221918
Reusing existing connection to pottersbargarage.co.uk:443.
HTTP request sent, awaiting response... 304 Not Modified
File ‘/Users/tarnewestcott/Development/pottersbargarage/legacy/pottersbargarage.co.uk/wp-content/uploads/premium-addons-elementor/pafe-50.js?ver=1747221918’ not modified on server. Omitting download.

--2026-06-23 19:42:14--  https://pottersbargarage.co.uk/wp-content/themes/salient/js/third-party/jquery.easing.js?ver=1.3
Reusing existing connection to pottersbargarage.co.uk:443.
HTTP request sent, awaiting response... 304 Not Modified
File ‘/Users/tarnewestcott/Development/pottersbargarage/legacy/pottersbargarage.co.uk/wp-content/themes/salient/js/third-party/jquery.easing.js?ver=1.3’ not modified on server. Omitting download.

--2026-06-23 19:42:15--  https://pottersbargarage.co.uk/wp-content/themes/salient/js/third-party/jquery.mousewheel.js?ver=3.1.13
Reusing existing connection to pottersbargarage.co.uk:443.
HTTP request sent, awaiting response... 304 Not Modified
File ‘/Users/tarnewestcott/Development/pottersbargarage/legacy/pottersbargarage.co.uk/wp-content/themes/salient/js/third-party/jquery.mousewheel.js?ver=3.1.13’ not modified on server. Omitting download.

--2026-06-23 19:42:15--  https://pottersbargarage.co.uk/wp-content/themes/salient/js/priority.js?ver=13.0.5
Reusing existing connection to pottersbargarage.co.uk:443.
HTTP request sent, awaiting response... 304 Not Modified
File ‘/Users/tarnewestcott/Development/pottersbargarage/legacy/pottersbargarage.co.uk/wp-content/themes/salient/js/priority.js?ver=13.0.5’ not modified on server. Omitting download.

--2026-06-23 19:42:16--  https://pottersbargarage.co.uk/wp-content/themes/salient/js/third-party/transit.js?ver=0.9.9
Reusing existing connection to pottersbargarage.co.uk:443.
HTTP request sent, awaiting response... 304 Not Modified
File ‘/Users/tarnewestcott/Development/pottersbargarage/legacy/pottersbargarage.co.uk/wp-content/themes/salient/js/third-party/transit.js?ver=0.9.9’ not modified on server. Omitting download.

--2026-06-23 19:42:16--  https://pottersbargarage.co.uk/wp-content/themes/salient/js/third-party/waypoints.js?ver=4.0.2
Reusing existing connection to pottersbargarage.co.uk:443.
HTTP request sent, awaiting response... 304 Not Modified
File ‘/Users/tarnewestcott/Development/pottersbargarage/legacy/pottersbargarage.co.uk/wp-content/themes/salient/js/third-party/waypoints.js?ver=4.0.2’ not modified on server. Omitting download.

--2026-06-23 19:42:17--  https://pottersbargarage.co.uk/wp-content/plugins/salient-portfolio/js/third-party/imagesLoaded.min.js?ver=4.1.4
Reusing existing connection to pottersbargarage.co.uk:443.
HTTP request sent, awaiting response... 304 Not Modified
File ‘/Users/tarnewestcott/Development/pottersbargarage/legacy/pottersbargarage.co.uk/wp-content/plugins/salient-portfolio/js/third-party/imagesLoaded.min.js?ver=4.1.4’ not modified on server. Omitting download.

--2026-06-23 19:42:17--  https://pottersbargarage.co.uk/wp-content/themes/salient/js/third-party/hoverintent.js?ver=1.9
Reusing existing connection to pottersbargarage.co.uk:443.
HTTP request sent, awaiting response... 304 Not Modified
File ‘/Users/tarnewestcott/Development/pottersbargarage/legacy/pottersbargarage.co.uk/wp-content/themes/salient/js/third-party/hoverintent.js?ver=1.9’ not modified on server. Omitting download.

--2026-06-23 19:42:18--  https://pottersbargarage.co.uk/wp-content/themes/salient/js/third-party/jquery.fancybox.min.js?ver=3.3.8
Reusing existing connection to pottersbargarage.co.uk:443.
HTTP request sent, awaiting response... 304 Not Modified
File ‘/Users/tarnewestcott/Development/pottersbargarage/legacy/pottersbargarage.co.uk/wp-content/themes/salient/js/third-party/jquery.fancybox.min.js?ver=3.3.8’ not modified on server. Omitting download.

--2026-06-23 19:42:18--  https://pottersbargarage.co.uk/wp-content/themes/salient/js/third-party/superfish.js?ver=1.5.8
Reusing existing connection to pottersbargarage.co.uk:443.
HTTP request sent, awaiting response... 304 Not Modified
File ‘/Users/tarnewestcott/Development/pottersbargarage/legacy/pottersbargarage.co.uk/wp-content/themes/salient/js/third-party/superfish.js?ver=1.5.8’ not modified on server. Omitting download.

--2026-06-23 19:42:19--  https://pottersbargarage.co.uk/wp-content/themes/salient/js/init.js?ver=13.0.5
Reusing existing connection to pottersbargarage.co.uk:443.
HTTP request sent, awaiting response... 304 Not Modified
File ‘/Users/tarnewestcott/Development/pottersbargarage/legacy/pottersbargarage.co.uk/wp-content/themes/salient/js/init.js?ver=13.0.5’ not modified on server. Omitting download.

--2026-06-23 19:42:19--  https://pottersbargarage.co.uk/wp-content/plugins/salient-core/js/third-party/touchswipe.min.js?ver=1.0
Reusing existing connection to pottersbargarage.co.uk:443.
HTTP request sent, awaiting response... 304 Not Modified
File ‘/Users/tarnewestcott/Development/pottersbargarage/legacy/pottersbargarage.co.uk/wp-content/plugins/salient-core/js/third-party/touchswipe.min.js?ver=1.0’ not modified on server. Omitting download.

--2026-06-23 19:42:20--  https://pottersbargarage.co.uk/wp-content/plugins/happy-elementor-addons/assets/js/extension-reading-progress-bar.min.js?ver=3.22.0
Reusing existing connection to pottersbargarage.co.uk:443.
HTTP request sent, awaiting response... 304 Not Modified
File ‘/Users/tarnewestcott/Development/pottersbargarage/legacy/pottersbargarage.co.uk/wp-content/plugins/happy-elementor-addons/assets/js/extension-reading-progress-bar.min.js?ver=3.22.0’ not modified on server. Omitting download.

--2026-06-23 19:42:20--  https://pottersbargarage.co.uk/wp-content/plugins/premium-addons-for-elementor/assets/frontend/min-js/elements-handler.min.js?ver=4.11.82
Reusing existing connection to pottersbargarage.co.uk:443.
HTTP request sent, awaiting response... 304 Not Modified
File ‘/Users/tarnewestcott/Development/pottersbargarage/legacy/pottersbargarage.co.uk/wp-content/plugins/premium-addons-for-elementor/assets/frontend/min-js/elements-handler.min.js?ver=4.11.82’ not modified on server. Omitting download.

--2026-06-23 19:42:21--  https://pottersbargarage.co.uk/wp-content/plugins/header-footer-elementor/inc/js/frontend.js?ver=2.8.8
Reusing existing connection to pottersbargarage.co.uk:443.
HTTP request sent, awaiting response... 304 Not Modified
File ‘/Users/tarnewestcott/Development/pottersbargarage/legacy/pottersbargarage.co.uk/wp-content/plugins/header-footer-elementor/inc/js/frontend.js?ver=2.8.8’ not modified on server. Omitting download.

--2026-06-23 19:42:21--  https://pottersbargarage.co.uk/wp-content/plugins/elementor-pro/assets/js/webpack-pro.runtime.min.js?ver=4.0.2
Reusing existing connection to pottersbargarage.co.uk:443.
HTTP request sent, awaiting response... 304 Not Modified
File ‘/Users/tarnewestcott/Development/pottersbargarage/legacy/pottersbargarage.co.uk/wp-content/plugins/elementor-pro/assets/js/webpack-pro.runtime.min.js?ver=4.0.2’ not modified on server. Omitting download.

--2026-06-23 19:42:22--  https://pottersbargarage.co.uk/wp-includes/js/dist/hooks.min.js?ver=dd5603f07f9220ed27f1
Reusing existing connection to pottersbargarage.co.uk:443.
HTTP request sent, awaiting response... 304 Not Modified
File ‘/Users/tarnewestcott/Development/pottersbargarage/legacy/pottersbargarage.co.uk/wp-includes/js/dist/hooks.min.js?ver=dd5603f07f9220ed27f1’ not modified on server. Omitting download.

--2026-06-23 19:42:23--  https://pottersbargarage.co.uk/wp-includes/js/dist/i18n.min.js?ver=c26c3dc7bed366793375
Reusing existing connection to pottersbargarage.co.uk:443.
HTTP request sent, awaiting response... 304 Not Modified
File ‘/Users/tarnewestcott/Development/pottersbargarage/legacy/pottersbargarage.co.uk/wp-includes/js/dist/i18n.min.js?ver=c26c3dc7bed366793375’ not modified on server. Omitting download.

--2026-06-23 19:42:23--  https://pottersbargarage.co.uk/wp-content/plugins/elementor-pro/assets/js/frontend.min.js?ver=4.0.2
Reusing existing connection to pottersbargarage.co.uk:443.
HTTP request sent, awaiting response... 304 Not Modified
File ‘/Users/tarnewestcott/Development/pottersbargarage/legacy/pottersbargarage.co.uk/wp-content/plugins/elementor-pro/assets/js/frontend.min.js?ver=4.0.2’ not modified on server. Omitting download.

--2026-06-23 19:42:24--  https://pottersbargarage.co.uk/wp-content/plugins/elementor-pro/assets/js/elements-handlers.min.js?ver=4.0.2
Reusing existing connection to pottersbargarage.co.uk:443.
HTTP request sent, awaiting response... 304 Not Modified
File ‘/Users/tarnewestcott/Development/pottersbargarage/legacy/pottersbargarage.co.uk/wp-content/plugins/elementor-pro/assets/js/elements-handlers.min.js?ver=4.0.2’ not modified on server. Omitting download.

--2026-06-23 19:42:24--  https://pottersbargarage.co.uk/wp-content/plugins/elementor/assets/lib/eicons/fonts/eicons.eot?5.49.0
Reusing existing connection to pottersbargarage.co.uk:443.
HTTP request sent, awaiting response... 304 Not Modified
File ‘/Users/tarnewestcott/Development/pottersbargarage/legacy/pottersbargarage.co.uk/wp-content/plugins/elementor/assets/lib/eicons/fonts/eicons.eot?5.49.0’ not modified on server. Omitting download.

--2026-06-23 19:42:25--  https://pottersbargarage.co.uk/wp-content/plugins/elementor/assets/lib/eicons/fonts/eicons.woff2?5.49.0
Reusing existing connection to pottersbargarage.co.uk:443.
HTTP request sent, awaiting response... 304 Not Modified
File ‘/Users/tarnewestcott/Development/pottersbargarage/legacy/pottersbargarage.co.uk/wp-content/plugins/elementor/assets/lib/eicons/fonts/eicons.woff2?5.49.0’ not modified on server. Omitting download.

--2026-06-23 19:42:25--  https://pottersbargarage.co.uk/wp-content/plugins/elementor/assets/lib/eicons/fonts/eicons.woff?5.49.0
Reusing existing connection to pottersbargarage.co.uk:443.
HTTP request sent, awaiting response... 304 Not Modified
File ‘/Users/tarnewestcott/Development/pottersbargarage/legacy/pottersbargarage.co.uk/wp-content/plugins/elementor/assets/lib/eicons/fonts/eicons.woff?5.49.0’ not modified on server. Omitting download.

--2026-06-23 19:42:25--  https://pottersbargarage.co.uk/wp-content/plugins/elementor/assets/lib/eicons/fonts/eicons.ttf?5.49.0
Reusing existing connection to pottersbargarage.co.uk:443.
HTTP request sent, awaiting response... 304 Not Modified
File ‘/Users/tarnewestcott/Development/pottersbargarage/legacy/pottersbargarage.co.uk/wp-content/plugins/elementor/assets/lib/eicons/fonts/eicons.ttf?5.49.0’ not modified on server. Omitting download.

--2026-06-23 19:42:26--  https://pottersbargarage.co.uk/wp-content/plugins/elementor/assets/lib/eicons/fonts/eicons.svg?5.49.0
Reusing existing connection to pottersbargarage.co.uk:443.
HTTP request sent, awaiting response... 304 Not Modified
File ‘/Users/tarnewestcott/Development/pottersbargarage/legacy/pottersbargarage.co.uk/wp-content/plugins/elementor/assets/lib/eicons/fonts/eicons.svg?5.49.0’ not modified on server. Omitting download.

--2026-06-23 19:42:27--  https://pottersbargarage.co.uk/wp-content/plugins/elementor/assets/lib/font-awesome/webfonts/fa-brands-400.eot
Reusing existing connection to pottersbargarage.co.uk:443.
HTTP request sent, awaiting response... 304 Not Modified
File ‘/Users/tarnewestcott/Development/pottersbargarage/legacy/pottersbargarage.co.uk/wp-content/plugins/elementor/assets/lib/font-awesome/webfonts/fa-brands-400.eot’ not modified on server. Omitting download.

--2026-06-23 19:42:27--  https://pottersbargarage.co.uk/wp-content/plugins/elementor/assets/lib/font-awesome/webfonts/fa-brands-400.eot?
Reusing existing connection to pottersbargarage.co.uk:443.
HTTP request sent, awaiting response... 304 Not Modified
File ‘/Users/tarnewestcott/Development/pottersbargarage/legacy/pottersbargarage.co.uk/wp-content/plugins/elementor/assets/lib/font-awesome/webfonts/fa-brands-400.eot?’ not modified on server. Omitting download.

--2026-06-23 19:42:28--  https://pottersbargarage.co.uk/wp-content/plugins/elementor/assets/lib/font-awesome/webfonts/fa-brands-400.woff2
Reusing existing connection to pottersbargarage.co.uk:443.
HTTP request sent, awaiting response... 304 Not Modified
File ‘/Users/tarnewestcott/Development/pottersbargarage/legacy/pottersbargarage.co.uk/wp-content/plugins/elementor/assets/lib/font-awesome/webfonts/fa-brands-400.woff2’ not modified on server. Omitting download.

--2026-06-23 19:42:29--  https://pottersbargarage.co.uk/wp-content/plugins/elementor/assets/lib/font-awesome/webfonts/fa-brands-400.woff
Reusing existing connection to pottersbargarage.co.uk:443.
HTTP request sent, awaiting response... 304 Not Modified
File ‘/Users/tarnewestcott/Development/pottersbargarage/legacy/pottersbargarage.co.uk/wp-content/plugins/elementor/assets/lib/font-awesome/webfonts/fa-brands-400.woff’ not modified on server. Omitting download.

--2026-06-23 19:42:29--  https://pottersbargarage.co.uk/wp-content/plugins/elementor/assets/lib/font-awesome/webfonts/fa-brands-400.ttf
Reusing existing connection to pottersbargarage.co.uk:443.
HTTP request sent, awaiting response... 304 Not Modified
File ‘/Users/tarnewestcott/Development/pottersbargarage/legacy/pottersbargarage.co.uk/wp-content/plugins/elementor/assets/lib/font-awesome/webfonts/fa-brands-400.ttf’ not modified on server. Omitting download.

--2026-06-23 19:42:30--  https://pottersbargarage.co.uk/wp-content/plugins/elementor/assets/lib/font-awesome/webfonts/fa-brands-400.svg
Reusing existing connection to pottersbargarage.co.uk:443.
HTTP request sent, awaiting response... 304 Not Modified
File ‘/Users/tarnewestcott/Development/pottersbargarage/legacy/pottersbargarage.co.uk/wp-content/plugins/elementor/assets/lib/font-awesome/webfonts/fa-brands-400.svg’ not modified on server. Omitting download.

--2026-06-23 19:42:30--  https://pottersbargarage.co.uk/wp-content/plugins/elementor/assets/lib/font-awesome/webfonts/fa-regular-400.eot
Reusing existing connection to pottersbargarage.co.uk:443.
HTTP request sent, awaiting response... 304 Not Modified
File ‘/Users/tarnewestcott/Development/pottersbargarage/legacy/pottersbargarage.co.uk/wp-content/plugins/elementor/assets/lib/font-awesome/webfonts/fa-regular-400.eot’ not modified on server. Omitting download.

--2026-06-23 19:42:31--  https://pottersbargarage.co.uk/wp-content/plugins/elementor/assets/lib/font-awesome/webfonts/fa-regular-400.eot?
Reusing existing connection to pottersbargarage.co.uk:443.
HTTP request sent, awaiting response... 304 Not Modified
File ‘/Users/tarnewestcott/Development/pottersbargarage/legacy/pottersbargarage.co.uk/wp-content/plugins/elementor/assets/lib/font-awesome/webfonts/fa-regular-400.eot?’ not modified on server. Omitting download.

--2026-06-23 19:42:32--  https://pottersbargarage.co.uk/wp-content/plugins/elementor/assets/lib/font-awesome/webfonts/fa-regular-400.woff2
Reusing existing connection to pottersbargarage.co.uk:443.
HTTP request sent, awaiting response... 304 Not Modified
File ‘/Users/tarnewestcott/Development/pottersbargarage/legacy/pottersbargarage.co.uk/wp-content/plugins/elementor/assets/lib/font-awesome/webfonts/fa-regular-400.woff2’ not modified on server. Omitting download.

--2026-06-23 19:42:32--  https://pottersbargarage.co.uk/wp-content/plugins/elementor/assets/lib/font-awesome/webfonts/fa-regular-400.woff
Reusing existing connection to pottersbargarage.co.uk:443.
HTTP request sent, awaiting response... 304 Not Modified
File ‘/Users/tarnewestcott/Development/pottersbargarage/legacy/pottersbargarage.co.uk/wp-content/plugins/elementor/assets/lib/font-awesome/webfonts/fa-regular-400.woff’ not modified on server. Omitting download.

--2026-06-23 19:42:33--  https://pottersbargarage.co.uk/wp-content/plugins/elementor/assets/lib/font-awesome/webfonts/fa-regular-400.ttf
Reusing existing connection to pottersbargarage.co.uk:443.
HTTP request sent, awaiting response... 304 Not Modified
File ‘/Users/tarnewestcott/Development/pottersbargarage/legacy/pottersbargarage.co.uk/wp-content/plugins/elementor/assets/lib/font-awesome/webfonts/fa-regular-400.ttf’ not modified on server. Omitting download.

--2026-06-23 19:42:33--  https://pottersbargarage.co.uk/wp-content/plugins/elementor/assets/lib/font-awesome/webfonts/fa-regular-400.svg
Reusing existing connection to pottersbargarage.co.uk:443.
HTTP request sent, awaiting response... 304 Not Modified
File ‘/Users/tarnewestcott/Development/pottersbargarage/legacy/pottersbargarage.co.uk/wp-content/plugins/elementor/assets/lib/font-awesome/webfonts/fa-regular-400.svg’ not modified on server. Omitting download.

--2026-06-23 19:42:34--  https://pottersbargarage.co.uk/wp-content/plugins/elementor/assets/lib/font-awesome/webfonts/fa-solid-900.eot
Reusing existing connection to pottersbargarage.co.uk:443.
HTTP request sent, awaiting response... 304 Not Modified
File ‘/Users/tarnewestcott/Development/pottersbargarage/legacy/pottersbargarage.co.uk/wp-content/plugins/elementor/assets/lib/font-awesome/webfonts/fa-solid-900.eot’ not modified on server. Omitting download.

--2026-06-23 19:42:34--  https://pottersbargarage.co.uk/wp-content/plugins/elementor/assets/lib/font-awesome/webfonts/fa-solid-900.eot?
Reusing existing connection to pottersbargarage.co.uk:443.
HTTP request sent, awaiting response... 304 Not Modified
File ‘/Users/tarnewestcott/Development/pottersbargarage/legacy/pottersbargarage.co.uk/wp-content/plugins/elementor/assets/lib/font-awesome/webfonts/fa-solid-900.eot?’ not modified on server. Omitting download.

--2026-06-23 19:42:35--  https://pottersbargarage.co.uk/wp-content/plugins/elementor/assets/lib/font-awesome/webfonts/fa-solid-900.woff2
Reusing existing connection to pottersbargarage.co.uk:443.
HTTP request sent, awaiting response... 304 Not Modified
File ‘/Users/tarnewestcott/Development/pottersbargarage/legacy/pottersbargarage.co.uk/wp-content/plugins/elementor/assets/lib/font-awesome/webfonts/fa-solid-900.woff2’ not modified on server. Omitting download.

--2026-06-23 19:42:35--  https://pottersbargarage.co.uk/wp-content/plugins/elementor/assets/lib/font-awesome/webfonts/fa-solid-900.woff
Reusing existing connection to pottersbargarage.co.uk:443.
HTTP request sent, awaiting response... 304 Not Modified
File ‘/Users/tarnewestcott/Development/pottersbargarage/legacy/pottersbargarage.co.uk/wp-content/plugins/elementor/assets/lib/font-awesome/webfonts/fa-solid-900.woff’ not modified on server. Omitting download.

--2026-06-23 19:42:36--  https://pottersbargarage.co.uk/wp-content/plugins/elementor/assets/lib/font-awesome/webfonts/fa-solid-900.ttf
Reusing existing connection to pottersbargarage.co.uk:443.
HTTP request sent, awaiting response... 304 Not Modified
File ‘/Users/tarnewestcott/Development/pottersbargarage/legacy/pottersbargarage.co.uk/wp-content/plugins/elementor/assets/lib/font-awesome/webfonts/fa-solid-900.ttf’ not modified on server. Omitting download.

--2026-06-23 19:42:37--  https://pottersbargarage.co.uk/wp-content/plugins/elementor/assets/lib/font-awesome/webfonts/fa-solid-900.svg
Reusing existing connection to pottersbargarage.co.uk:443.
HTTP request sent, awaiting response... 304 Not Modified
File ‘/Users/tarnewestcott/Development/pottersbargarage/legacy/pottersbargarage.co.uk/wp-content/plugins/elementor/assets/lib/font-awesome/webfonts/fa-solid-900.svg’ not modified on server. Omitting download.

--2026-06-23 19:42:37--  https://pottersbargarage.co.uk/wp-content/uploads/2022/04/spanner.png
Reusing existing connection to pottersbargarage.co.uk:443.
HTTP request sent, awaiting response... 304 Not Modified
File ‘/Users/tarnewestcott/Development/pottersbargarage/legacy/pottersbargarage.co.uk/wp-content/uploads/2022/04/spanner.png’ not modified on server. Omitting download.

--2026-06-23 19:42:38--  https://pottersbargarage.co.uk/wp-content/uploads/2022/04/setting.png
Reusing existing connection to pottersbargarage.co.uk:443.
HTTP request sent, awaiting response... 304 Not Modified
File ‘/Users/tarnewestcott/Development/pottersbargarage/legacy/pottersbargarage.co.uk/wp-content/uploads/2022/04/setting.png’ not modified on server. Omitting download.

--2026-06-23 19:42:38--  https://pottersbargarage.co.uk/wp-content/uploads/2022/04/bg-1-42-1.png
Reusing existing connection to pottersbargarage.co.uk:443.
HTTP request sent, awaiting response... 304 Not Modified
File ‘/Users/tarnewestcott/Development/pottersbargarage/legacy/pottersbargarage.co.uk/wp-content/uploads/2022/04/bg-1-42-1.png’ not modified on server. Omitting download.

--2026-06-23 19:42:39--  https://pottersbargarage.co.uk/wp-content/uploads/2022/04/pexels-sourav-mishra-3136673-scaled.jpg
Reusing existing connection to pottersbargarage.co.uk:443.
HTTP request sent, awaiting response... 304 Not Modified
File ‘/Users/tarnewestcott/Development/pottersbargarage/legacy/pottersbargarage.co.uk/wp-content/uploads/2022/04/pexels-sourav-mishra-3136673-scaled.jpg’ not modified on server. Omitting download.

--2026-06-23 19:42:39--  https://pottersbargarage.co.uk/wp-content/uploads/2022/04/12345-1.png
Reusing existing connection to pottersbargarage.co.uk:443.
HTTP request sent, awaiting response... 304 Not Modified
File ‘/Users/tarnewestcott/Development/pottersbargarage/legacy/pottersbargarage.co.uk/wp-content/uploads/2022/04/12345-1.png’ not modified on server. Omitting download.

--2026-06-23 19:42:40--  https://pottersbargarage.co.uk/wp-content/plugins/happy-elementor-addons/assets/fonts/happy-icons.woff2
Reusing existing connection to pottersbargarage.co.uk:443.
HTTP request sent, awaiting response... 304 Not Modified
File ‘/Users/tarnewestcott/Development/pottersbargarage/legacy/pottersbargarage.co.uk/wp-content/plugins/happy-elementor-addons/assets/fonts/happy-icons.woff2’ not modified on server. Omitting download.

--2026-06-23 19:42:40--  https://pottersbargarage.co.uk/wp-content/plugins/happy-elementor-addons/assets/fonts/happy-icons.woff
Reusing existing connection to pottersbargarage.co.uk:443.
HTTP request sent, awaiting response... 304 Not Modified
File ‘/Users/tarnewestcott/Development/pottersbargarage/legacy/pottersbargarage.co.uk/wp-content/plugins/happy-elementor-addons/assets/fonts/happy-icons.woff’ not modified on server. Omitting download.

--2026-06-23 19:42:41--  https://pottersbargarage.co.uk/wp-content/plugins/happy-elementor-addons/assets/fonts/happy-icons.svg
Reusing existing connection to pottersbargarage.co.uk:443.
HTTP request sent, awaiting response... 304 Not Modified
File ‘/Users/tarnewestcott/Development/pottersbargarage/legacy/pottersbargarage.co.uk/wp-content/plugins/happy-elementor-addons/assets/fonts/happy-icons.svg’ not modified on server. Omitting download.

--2026-06-23 19:42:41--  https://pottersbargarage.co.uk/wp-content/plugins/elementor/assets/lib/font-awesome/fonts/fontawesome-webfont.eot?v=4.7.0
Reusing existing connection to pottersbargarage.co.uk:443.
HTTP request sent, awaiting response... 304 Not Modified
File ‘/Users/tarnewestcott/Development/pottersbargarage/legacy/pottersbargarage.co.uk/wp-content/plugins/elementor/assets/lib/font-awesome/fonts/fontawesome-webfont.eot?v=4.7.0’ not modified on server. Omitting download.

--2026-06-23 19:42:42--  https://pottersbargarage.co.uk/wp-content/plugins/elementor/assets/lib/font-awesome/fonts/fontawesome-webfont.eot?
Reusing existing connection to pottersbargarage.co.uk:443.
HTTP request sent, awaiting response... 304 Not Modified
File ‘/Users/tarnewestcott/Development/pottersbargarage/legacy/pottersbargarage.co.uk/wp-content/plugins/elementor/assets/lib/font-awesome/fonts/fontawesome-webfont.eot?’ not modified on server. Omitting download.

--2026-06-23 19:42:43--  https://pottersbargarage.co.uk/wp-content/plugins/elementor/assets/lib/font-awesome/fonts/fontawesome-webfont.woff2?v=4.7.0
Reusing existing connection to pottersbargarage.co.uk:443.
HTTP request sent, awaiting response... 304 Not Modified
File ‘/Users/tarnewestcott/Development/pottersbargarage/legacy/pottersbargarage.co.uk/wp-content/plugins/elementor/assets/lib/font-awesome/fonts/fontawesome-webfont.woff2?v=4.7.0’ not modified on server. Omitting download.

--2026-06-23 19:42:43--  https://pottersbargarage.co.uk/wp-content/plugins/elementor/assets/lib/font-awesome/fonts/fontawesome-webfont.woff?v=4.7.0
Reusing existing connection to pottersbargarage.co.uk:443.
HTTP request sent, awaiting response... 304 Not Modified
File ‘/Users/tarnewestcott/Development/pottersbargarage/legacy/pottersbargarage.co.uk/wp-content/plugins/elementor/assets/lib/font-awesome/fonts/fontawesome-webfont.woff?v=4.7.0’ not modified on server. Omitting download.

--2026-06-23 19:42:44--  https://pottersbargarage.co.uk/wp-content/plugins/elementor/assets/lib/font-awesome/fonts/fontawesome-webfont.ttf?v=4.7.0
Reusing existing connection to pottersbargarage.co.uk:443.
HTTP request sent, awaiting response... 304 Not Modified
File ‘/Users/tarnewestcott/Development/pottersbargarage/legacy/pottersbargarage.co.uk/wp-content/plugins/elementor/assets/lib/font-awesome/fonts/fontawesome-webfont.ttf?v=4.7.0’ not modified on server. Omitting download.

--2026-06-23 19:42:45--  https://pottersbargarage.co.uk/wp-content/plugins/elementor/assets/lib/font-awesome/fonts/fontawesome-webfont.svg?v=4.7.0
Reusing existing connection to pottersbargarage.co.uk:443.
HTTP request sent, awaiting response... 304 Not Modified
File ‘/Users/tarnewestcott/Development/pottersbargarage/legacy/pottersbargarage.co.uk/wp-content/plugins/elementor/assets/lib/font-awesome/fonts/fontawesome-webfont.svg?v=4.7.0’ not modified on server. Omitting download.

--2026-06-23 19:42:45--  https://pottersbargarage.co.uk/wp-content/themes/salient/img/icons/loading-white-bg.gif
Reusing existing connection to pottersbargarage.co.uk:443.
HTTP request sent, awaiting response... 304 Not Modified
File ‘/Users/tarnewestcott/Development/pottersbargarage/legacy/pottersbargarage.co.uk/wp-content/themes/salient/img/icons/loading-white-bg.gif’ not modified on server. Omitting download.

--2026-06-23 19:42:46--  https://pottersbargarage.co.uk/wp-content/themes/salient/img/icons/quote.png
Reusing existing connection to pottersbargarage.co.uk:443.
HTTP request sent, awaiting response... 304 Not Modified
File ‘/Users/tarnewestcott/Development/pottersbargarage/legacy/pottersbargarage.co.uk/wp-content/themes/salient/img/icons/quote.png’ not modified on server. Omitting download.

--2026-06-23 19:42:46--  https://pottersbargarage.co.uk/wp-content/themes/salient/img/icons/link.png
Reusing existing connection to pottersbargarage.co.uk:443.
HTTP request sent, awaiting response... 304 Not Modified
File ‘/Users/tarnewestcott/Development/pottersbargarage/legacy/pottersbargarage.co.uk/wp-content/themes/salient/img/icons/link.png’ not modified on server. Omitting download.

--2026-06-23 19:42:47--  https://pottersbargarage.co.uk/wp-content/themes/salient/img/icons/status.png
Reusing existing connection to pottersbargarage.co.uk:443.
HTTP request sent, awaiting response... 304 Not Modified
File ‘/Users/tarnewestcott/Development/pottersbargarage/legacy/pottersbargarage.co.uk/wp-content/themes/salient/img/icons/status.png’ not modified on server. Omitting download.

--2026-06-23 19:42:47--  https://pottersbargarage.co.uk/wp-content/themes/salient/img/icons/quote-2x.png
Reusing existing connection to pottersbargarage.co.uk:443.
HTTP request sent, awaiting response... 304 Not Modified
File ‘/Users/tarnewestcott/Development/pottersbargarage/legacy/pottersbargarage.co.uk/wp-content/themes/salient/img/icons/quote-2x.png’ not modified on server. Omitting download.

--2026-06-23 19:42:48--  https://pottersbargarage.co.uk/wp-content/themes/salient/img/icons/link-2x.png
Reusing existing connection to pottersbargarage.co.uk:443.
HTTP request sent, awaiting response... 304 Not Modified
File ‘/Users/tarnewestcott/Development/pottersbargarage/legacy/pottersbargarage.co.uk/wp-content/themes/salient/img/icons/link-2x.png’ not modified on server. Omitting download.

--2026-06-23 19:42:48--  https://pottersbargarage.co.uk/wp-content/themes/salient/img/icons/portfolio-arrows.png
Reusing existing connection to pottersbargarage.co.uk:443.
HTTP request sent, awaiting response... 304 Not Modified
File ‘/Users/tarnewestcott/Development/pottersbargarage/legacy/pottersbargarage.co.uk/wp-content/themes/salient/img/icons/portfolio-arrows.png’ not modified on server. Omitting download.

--2026-06-23 19:42:49--  https://pottersbargarage.co.uk/wp-content/themes/salient/img/icons/portfolio-arrows-2x.png
Reusing existing connection to pottersbargarage.co.uk:443.
HTTP request sent, awaiting response... 304 Not Modified
File ‘/Users/tarnewestcott/Development/pottersbargarage/legacy/pottersbargarage.co.uk/wp-content/themes/salient/img/icons/portfolio-arrows-2x.png’ not modified on server. Omitting download.

--2026-06-23 19:42:50--  https://pottersbargarage.co.uk/wp-content/themes/salient/img/icons/comment-children-line.jpg
Reusing existing connection to pottersbargarage.co.uk:443.
HTTP request sent, awaiting response... 304 Not Modified
File ‘/Users/tarnewestcott/Development/pottersbargarage/legacy/pottersbargarage.co.uk/wp-content/themes/salient/img/icons/comment-children-line.jpg’ not modified on server. Omitting download.

--2026-06-23 19:42:51--  https://pottersbargarage.co.uk/wp-content/themes/salient/css/fonts/icomoon.eot?v=1.1
Reusing existing connection to pottersbargarage.co.uk:443.
HTTP request sent, awaiting response... 304 Not Modified
File ‘/Users/tarnewestcott/Development/pottersbargarage/legacy/pottersbargarage.co.uk/wp-content/themes/salient/css/fonts/icomoon.eot?v=1.1’ not modified on server. Omitting download.

--2026-06-23 19:42:51--  https://pottersbargarage.co.uk/wp-content/themes/salient/css/fonts/icomoon.eot?
Reusing existing connection to pottersbargarage.co.uk:443.
HTTP request sent, awaiting response... 304 Not Modified
File ‘/Users/tarnewestcott/Development/pottersbargarage/legacy/pottersbargarage.co.uk/wp-content/themes/salient/css/fonts/icomoon.eot?’ not modified on server. Omitting download.

--2026-06-23 19:42:52--  https://pottersbargarage.co.uk/wp-content/themes/salient/css/fonts/icomoon.woff?v=1.1
Reusing existing connection to pottersbargarage.co.uk:443.
HTTP request sent, awaiting response... 304 Not Modified
File ‘/Users/tarnewestcott/Development/pottersbargarage/legacy/pottersbargarage.co.uk/wp-content/themes/salient/css/fonts/icomoon.woff?v=1.1’ not modified on server. Omitting download.

--2026-06-23 19:42:53--  https://pottersbargarage.co.uk/wp-content/themes/salient/css/fonts/icomoon.ttf?v=1.1
Reusing existing connection to pottersbargarage.co.uk:443.
HTTP request sent, awaiting response... 304 Not Modified
File ‘/Users/tarnewestcott/Development/pottersbargarage/legacy/pottersbargarage.co.uk/wp-content/themes/salient/css/fonts/icomoon.ttf?v=1.1’ not modified on server. Omitting download.

--2026-06-23 19:42:53--  https://pottersbargarage.co.uk/wp-content/themes/salient/css/fonts/icomoon.svg
Reusing existing connection to pottersbargarage.co.uk:443.
HTTP request sent, awaiting response... 304 Not Modified
File ‘/Users/tarnewestcott/Development/pottersbargarage/legacy/pottersbargarage.co.uk/wp-content/themes/salient/css/fonts/icomoon.svg’ not modified on server. Omitting download.

--2026-06-23 19:42:54--  https://pottersbargarage.co.uk/wp-content/uploads/elementor/google-fonts/fonts/roboto-kfo5cnqeu92fr1mu53zec9_vu3r1gihoszmkc3kawzu.woff2
Reusing existing connection to pottersbargarage.co.uk:443.
HTTP request sent, awaiting response... 304 Not Modified
File ‘/Users/tarnewestcott/Development/pottersbargarage/legacy/pottersbargarage.co.uk/wp-content/uploads/elementor/google-fonts/fonts/roboto-kfo5cnqeu92fr1mu53zec9_vu3r1gihoszmkc3kawzu.woff2’ not modified on server. Omitting download.

--2026-06-23 19:42:54--  https://pottersbargarage.co.uk/wp-content/uploads/elementor/google-fonts/fonts/roboto-kfo5cnqeu92fr1mu53zec9_vu3r1gihoszmkankawzu.woff2
Reusing existing connection to pottersbargarage.co.uk:443.
HTTP request sent, awaiting response... 304 Not Modified
File ‘/Users/tarnewestcott/Development/pottersbargarage/legacy/pottersbargarage.co.uk/wp-content/uploads/elementor/google-fonts/fonts/roboto-kfo5cnqeu92fr1mu53zec9_vu3r1gihoszmkankawzu.woff2’ not modified on server. Omitting download.

--2026-06-23 19:42:55--  https://pottersbargarage.co.uk/wp-content/uploads/elementor/google-fonts/fonts/roboto-kfo5cnqeu92fr1mu53zec9_vu3r1gihoszmkcnkawzu.woff2
Reusing existing connection to pottersbargarage.co.uk:443.
HTTP request sent, awaiting response... 304 Not Modified
File ‘/Users/tarnewestcott/Development/pottersbargarage/legacy/pottersbargarage.co.uk/wp-content/uploads/elementor/google-fonts/fonts/roboto-kfo5cnqeu92fr1mu53zec9_vu3r1gihoszmkcnkawzu.woff2’ not modified on server. Omitting download.

--2026-06-23 19:42:55--  https://pottersbargarage.co.uk/wp-content/uploads/elementor/google-fonts/fonts/roboto-kfo5cnqeu92fr1mu53zec9_vu3r1gihoszmkbxkawzu.woff2
Reusing existing connection to pottersbargarage.co.uk:443.
HTTP request sent, awaiting response... 304 Not Modified
File ‘/Users/tarnewestcott/Development/pottersbargarage/legacy/pottersbargarage.co.uk/wp-content/uploads/elementor/google-fonts/fonts/roboto-kfo5cnqeu92fr1mu53zec9_vu3r1gihoszmkbxkawzu.woff2’ not modified on server. Omitting download.

--2026-06-23 19:42:56--  https://pottersbargarage.co.uk/wp-content/uploads/elementor/google-fonts/fonts/roboto-kfo5cnqeu92fr1mu53zec9_vu3r1gihoszmkenkawzu.woff2
Reusing existing connection to pottersbargarage.co.uk:443.
HTTP request sent, awaiting response... 304 Not Modified
File ‘/Users/tarnewestcott/Development/pottersbargarage/legacy/pottersbargarage.co.uk/wp-content/uploads/elementor/google-fonts/fonts/roboto-kfo5cnqeu92fr1mu53zec9_vu3r1gihoszmkenkawzu.woff2’ not modified on server. Omitting download.

--2026-06-23 19:42:57--  https://pottersbargarage.co.uk/wp-content/uploads/elementor/google-fonts/fonts/roboto-kfo5cnqeu92fr1mu53zec9_vu3r1gihoszmkahkawzu.woff2
Reusing existing connection to pottersbargarage.co.uk:443.
HTTP request sent, awaiting response... 304 Not Modified
File ‘/Users/tarnewestcott/Development/pottersbargarage/legacy/pottersbargarage.co.uk/wp-content/uploads/elementor/google-fonts/fonts/roboto-kfo5cnqeu92fr1mu53zec9_vu3r1gihoszmkahkawzu.woff2’ not modified on server. Omitting download.

--2026-06-23 19:42:57--  https://pottersbargarage.co.uk/wp-content/uploads/elementor/google-fonts/fonts/roboto-kfo5cnqeu92fr1mu53zec9_vu3r1gihoszmkcxkawzu.woff2
Reusing existing connection to pottersbargarage.co.uk:443.
HTTP request sent, awaiting response... 304 Not Modified
File ‘/Users/tarnewestcott/Development/pottersbargarage/legacy/pottersbargarage.co.uk/wp-content/uploads/elementor/google-fonts/fonts/roboto-kfo5cnqeu92fr1mu53zec9_vu3r1gihoszmkcxkawzu.woff2’ not modified on server. Omitting download.

--2026-06-23 19:42:58--  https://pottersbargarage.co.uk/wp-content/uploads/elementor/google-fonts/fonts/roboto-kfo5cnqeu92fr1mu53zec9_vu3r1gihoszmkchkawzu.woff2
Reusing existing connection to pottersbargarage.co.uk:443.
HTTP request sent, awaiting response... 304 Not Modified
File ‘/Users/tarnewestcott/Development/pottersbargarage/legacy/pottersbargarage.co.uk/wp-content/uploads/elementor/google-fonts/fonts/roboto-kfo5cnqeu92fr1mu53zec9_vu3r1gihoszmkchkawzu.woff2’ not modified on server. Omitting download.

--2026-06-23 19:42:59--  https://pottersbargarage.co.uk/wp-content/uploads/elementor/google-fonts/fonts/roboto-kfo5cnqeu92fr1mu53zec9_vu3r1gihoszmkbnka.woff2
Reusing existing connection to pottersbargarage.co.uk:443.
HTTP request sent, awaiting response... 304 Not Modified
File ‘/Users/tarnewestcott/Development/pottersbargarage/legacy/pottersbargarage.co.uk/wp-content/uploads/elementor/google-fonts/fonts/roboto-kfo5cnqeu92fr1mu53zec9_vu3r1gihoszmkbnka.woff2’ not modified on server. Omitting download.

--2026-06-23 19:42:59--  https://pottersbargarage.co.uk/wp-content/uploads/elementor/google-fonts/fonts/roboto-kfo7cnqeu92fr1me7ksn66agldtyluama3gubgee.woff2
Reusing existing connection to pottersbargarage.co.uk:443.
HTTP request sent, awaiting response... 304 Not Modified
File ‘/Users/tarnewestcott/Development/pottersbargarage/legacy/pottersbargarage.co.uk/wp-content/uploads/elementor/google-fonts/fonts/roboto-kfo7cnqeu92fr1me7ksn66agldtyluama3gubgee.woff2’ not modified on server. Omitting download.

--2026-06-23 19:43:00--  https://pottersbargarage.co.uk/wp-content/uploads/elementor/google-fonts/fonts/roboto-kfo7cnqeu92fr1me7ksn66agldtyluama3iubgee.woff2
Reusing existing connection to pottersbargarage.co.uk:443.
HTTP request sent, awaiting response... 304 Not Modified
File ‘/Users/tarnewestcott/Development/pottersbargarage/legacy/pottersbargarage.co.uk/wp-content/uploads/elementor/google-fonts/fonts/roboto-kfo7cnqeu92fr1me7ksn66agldtyluama3iubgee.woff2’ not modified on server. Omitting download.

--2026-06-23 19:43:00--  https://pottersbargarage.co.uk/wp-content/uploads/elementor/google-fonts/fonts/roboto-kfo7cnqeu92fr1me7ksn66agldtyluama3cubgee.woff2
Reusing existing connection to pottersbargarage.co.uk:443.
HTTP request sent, awaiting response... 304 Not Modified
File ‘/Users/tarnewestcott/Development/pottersbargarage/legacy/pottersbargarage.co.uk/wp-content/uploads/elementor/google-fonts/fonts/roboto-kfo7cnqeu92fr1me7ksn66agldtyluama3cubgee.woff2’ not modified on server. Omitting download.

--2026-06-23 19:43:01--  https://pottersbargarage.co.uk/wp-content/uploads/elementor/google-fonts/fonts/roboto-kfo7cnqeu92fr1me7ksn66agldtyluama3-ubgee.woff2
Reusing existing connection to pottersbargarage.co.uk:443.
HTTP request sent, awaiting response... 304 Not Modified
File ‘/Users/tarnewestcott/Development/pottersbargarage/legacy/pottersbargarage.co.uk/wp-content/uploads/elementor/google-fonts/fonts/roboto-kfo7cnqeu92fr1me7ksn66agldtyluama3-ubgee.woff2’ not modified on server. Omitting download.

--2026-06-23 19:43:02--  https://pottersbargarage.co.uk/wp-content/uploads/elementor/google-fonts/fonts/roboto-kfo7cnqeu92fr1me7ksn66agldtyluamawcubgee.woff2
Reusing existing connection to pottersbargarage.co.uk:443.
HTTP request sent, awaiting response... 304 Not Modified
File ‘/Users/tarnewestcott/Development/pottersbargarage/legacy/pottersbargarage.co.uk/wp-content/uploads/elementor/google-fonts/fonts/roboto-kfo7cnqeu92fr1me7ksn66agldtyluamawcubgee.woff2’ not modified on server. Omitting download.

--2026-06-23 19:43:02--  https://pottersbargarage.co.uk/wp-content/uploads/elementor/google-fonts/fonts/roboto-kfo7cnqeu92fr1me7ksn66agldtyluamaxkubgee.woff2
Reusing existing connection to pottersbargarage.co.uk:443.
HTTP request sent, awaiting response... 304 Not Modified
File ‘/Users/tarnewestcott/Development/pottersbargarage/legacy/pottersbargarage.co.uk/wp-content/uploads/elementor/google-fonts/fonts/roboto-kfo7cnqeu92fr1me7ksn66agldtyluamaxkubgee.woff2’ not modified on server. Omitting download.

--2026-06-23 19:43:03--  https://pottersbargarage.co.uk/wp-content/uploads/elementor/google-fonts/fonts/roboto-kfo7cnqeu92fr1me7ksn66agldtyluama3oubgee.woff2
Reusing existing connection to pottersbargarage.co.uk:443.
HTTP request sent, awaiting response... 304 Not Modified
File ‘/Users/tarnewestcott/Development/pottersbargarage/legacy/pottersbargarage.co.uk/wp-content/uploads/elementor/google-fonts/fonts/roboto-kfo7cnqeu92fr1me7ksn66agldtyluama3oubgee.woff2’ not modified on server. Omitting download.

--2026-06-23 19:43:04--  https://pottersbargarage.co.uk/wp-content/uploads/elementor/google-fonts/fonts/roboto-kfo7cnqeu92fr1me7ksn66agldtyluama3kubgee.woff2
Reusing existing connection to pottersbargarage.co.uk:443.
HTTP request sent, awaiting response... 304 Not Modified
File ‘/Users/tarnewestcott/Development/pottersbargarage/legacy/pottersbargarage.co.uk/wp-content/uploads/elementor/google-fonts/fonts/roboto-kfo7cnqeu92fr1me7ksn66agldtyluama3kubgee.woff2’ not modified on server. Omitting download.

--2026-06-23 19:43:04--  https://pottersbargarage.co.uk/wp-content/uploads/elementor/google-fonts/fonts/roboto-kfo7cnqeu92fr1me7ksn66agldtyluama3yuba.woff2
Reusing existing connection to pottersbargarage.co.uk:443.
HTTP request sent, awaiting response... 304 Not Modified
File ‘/Users/tarnewestcott/Development/pottersbargarage/legacy/pottersbargarage.co.uk/wp-content/uploads/elementor/google-fonts/fonts/roboto-kfo7cnqeu92fr1me7ksn66agldtyluama3yuba.woff2’ not modified on server. Omitting download.

--2026-06-23 19:43:05--  https://pottersbargarage.co.uk/wp-content/uploads/elementor/google-fonts/fonts/robotoslab-bngmuxzytxpivibgjjsb6ufa5qw54a.woff2
Reusing existing connection to pottersbargarage.co.uk:443.
HTTP request sent, awaiting response... 304 Not Modified
File ‘/Users/tarnewestcott/Development/pottersbargarage/legacy/pottersbargarage.co.uk/wp-content/uploads/elementor/google-fonts/fonts/robotoslab-bngmuxzytxpivibgjjsb6ufa5qw54a.woff2’ not modified on server. Omitting download.

--2026-06-23 19:43:06--  https://pottersbargarage.co.uk/wp-content/uploads/elementor/google-fonts/fonts/robotoslab-bngmuxzytxpivibgjjsb6ufj5qw54a.woff2
Reusing existing connection to pottersbargarage.co.uk:443.
HTTP request sent, awaiting response... 304 Not Modified
File ‘/Users/tarnewestcott/Development/pottersbargarage/legacy/pottersbargarage.co.uk/wp-content/uploads/elementor/google-fonts/fonts/robotoslab-bngmuxzytxpivibgjjsb6ufj5qw54a.woff2’ not modified on server. Omitting download.

--2026-06-23 19:43:06--  https://pottersbargarage.co.uk/wp-content/uploads/elementor/google-fonts/fonts/robotoslab-bngmuxzytxpivibgjjsb6ufb5qw54a.woff2
Reusing existing connection to pottersbargarage.co.uk:443.
HTTP request sent, awaiting response... 304 Not Modified
File ‘/Users/tarnewestcott/Development/pottersbargarage/legacy/pottersbargarage.co.uk/wp-content/uploads/elementor/google-fonts/fonts/robotoslab-bngmuxzytxpivibgjjsb6ufb5qw54a.woff2’ not modified on server. Omitting download.

--2026-06-23 19:43:07--  https://pottersbargarage.co.uk/wp-content/uploads/elementor/google-fonts/fonts/robotoslab-bngmuxzytxpivibgjjsb6ufo5qw54a.woff2
Reusing existing connection to pottersbargarage.co.uk:443.
HTTP request sent, awaiting response... 304 Not Modified
File ‘/Users/tarnewestcott/Development/pottersbargarage/legacy/pottersbargarage.co.uk/wp-content/uploads/elementor/google-fonts/fonts/robotoslab-bngmuxzytxpivibgjjsb6ufo5qw54a.woff2’ not modified on server. Omitting download.

--2026-06-23 19:43:08--  https://pottersbargarage.co.uk/wp-content/uploads/elementor/google-fonts/fonts/robotoslab-bngmuxzytxpivibgjjsb6ufc5qw54a.woff2
Reusing existing connection to pottersbargarage.co.uk:443.
HTTP request sent, awaiting response... 304 Not Modified
File ‘/Users/tarnewestcott/Development/pottersbargarage/legacy/pottersbargarage.co.uk/wp-content/uploads/elementor/google-fonts/fonts/robotoslab-bngmuxzytxpivibgjjsb6ufc5qw54a.woff2’ not modified on server. Omitting download.

--2026-06-23 19:43:09--  https://pottersbargarage.co.uk/wp-content/uploads/elementor/google-fonts/fonts/robotoslab-bngmuxzytxpivibgjjsb6ufd5qw54a.woff2
Reusing existing connection to pottersbargarage.co.uk:443.
HTTP request sent, awaiting response... 304 Not Modified
File ‘/Users/tarnewestcott/Development/pottersbargarage/legacy/pottersbargarage.co.uk/wp-content/uploads/elementor/google-fonts/fonts/robotoslab-bngmuxzytxpivibgjjsb6ufd5qw54a.woff2’ not modified on server. Omitting download.

--2026-06-23 19:43:09--  https://pottersbargarage.co.uk/wp-content/uploads/elementor/google-fonts/fonts/robotoslab-bngmuxzytxpivibgjjsb6ufn5qu.woff2
Reusing existing connection to pottersbargarage.co.uk:443.
HTTP request sent, awaiting response... 304 Not Modified
File ‘/Users/tarnewestcott/Development/pottersbargarage/legacy/pottersbargarage.co.uk/wp-content/uploads/elementor/google-fonts/fonts/robotoslab-bngmuxzytxpivibgjjsb6ufn5qu.woff2’ not modified on server. Omitting download.

--2026-06-23 19:43:10--  https://pottersbargarage.co.uk/wp-content/uploads/elementor/google-fonts/fonts/raleway-1ptsg8zys_skggpnycg4qifqpfe.woff2
Reusing existing connection to pottersbargarage.co.uk:443.
HTTP request sent, awaiting response... 304 Not Modified
File ‘/Users/tarnewestcott/Development/pottersbargarage/legacy/pottersbargarage.co.uk/wp-content/uploads/elementor/google-fonts/fonts/raleway-1ptsg8zys_skggpnycg4qifqpfe.woff2’ not modified on server. Omitting download.

--2026-06-23 19:43:11--  https://pottersbargarage.co.uk/wp-content/uploads/elementor/google-fonts/fonts/raleway-1ptsg8zys_skggpnycg4syfqpfe.woff2
Reusing existing connection to pottersbargarage.co.uk:443.
HTTP request sent, awaiting response... 304 Not Modified
File ‘/Users/tarnewestcott/Development/pottersbargarage/legacy/pottersbargarage.co.uk/wp-content/uploads/elementor/google-fonts/fonts/raleway-1ptsg8zys_skggpnycg4syfqpfe.woff2’ not modified on server. Omitting download.

--2026-06-23 19:43:11--  https://pottersbargarage.co.uk/wp-content/uploads/elementor/google-fonts/fonts/raleway-1ptsg8zys_skggpnycg4qofqpfe.woff2
Reusing existing connection to pottersbargarage.co.uk:443.
HTTP request sent, awaiting response... 304 Not Modified
File ‘/Users/tarnewestcott/Development/pottersbargarage/legacy/pottersbargarage.co.uk/wp-content/uploads/elementor/google-fonts/fonts/raleway-1ptsg8zys_skggpnycg4qofqpfe.woff2’ not modified on server. Omitting download.

--2026-06-23 19:43:12--  https://pottersbargarage.co.uk/wp-content/uploads/elementor/google-fonts/fonts/raleway-1ptsg8zys_skggpnycg4q4fqpfe.woff2
Reusing existing connection to pottersbargarage.co.uk:443.
HTTP request sent, awaiting response... 304 Not Modified
File ‘/Users/tarnewestcott/Development/pottersbargarage/legacy/pottersbargarage.co.uk/wp-content/uploads/elementor/google-fonts/fonts/raleway-1ptsg8zys_skggpnycg4q4fqpfe.woff2’ not modified on server. Omitting download.

--2026-06-23 19:43:12--  https://pottersbargarage.co.uk/wp-content/uploads/elementor/google-fonts/fonts/raleway-1ptsg8zys_skggpnycg4tyfq.woff2
Reusing existing connection to pottersbargarage.co.uk:443.
HTTP request sent, awaiting response... 304 Not Modified
File ‘/Users/tarnewestcott/Development/pottersbargarage/legacy/pottersbargarage.co.uk/wp-content/uploads/elementor/google-fonts/fonts/raleway-1ptsg8zys_skggpnycg4tyfq.woff2’ not modified on server. Omitting download.

--2026-06-23 19:43:13--  https://pottersbargarage.co.uk/wp-content/uploads/elementor/google-fonts/fonts/raleway-1ptug8zys_skggpnycait5lu.woff2
Reusing existing connection to pottersbargarage.co.uk:443.
HTTP request sent, awaiting response... 304 Not Modified
File ‘/Users/tarnewestcott/Development/pottersbargarage/legacy/pottersbargarage.co.uk/wp-content/uploads/elementor/google-fonts/fonts/raleway-1ptug8zys_skggpnycait5lu.woff2’ not modified on server. Omitting download.

--2026-06-23 19:43:14--  https://pottersbargarage.co.uk/wp-content/uploads/elementor/google-fonts/fonts/raleway-1ptug8zys_skggpnyckit5lu.woff2
Reusing existing connection to pottersbargarage.co.uk:443.
HTTP request sent, awaiting response... 304 Not Modified
File ‘/Users/tarnewestcott/Development/pottersbargarage/legacy/pottersbargarage.co.uk/wp-content/uploads/elementor/google-fonts/fonts/raleway-1ptug8zys_skggpnyckit5lu.woff2’ not modified on server. Omitting download.

--2026-06-23 19:43:15--  https://pottersbargarage.co.uk/wp-content/uploads/elementor/google-fonts/fonts/raleway-1ptug8zys_skggpnyciit5lu.woff2
Reusing existing connection to pottersbargarage.co.uk:443.
HTTP request sent, awaiting response... 304 Not Modified
File ‘/Users/tarnewestcott/Development/pottersbargarage/legacy/pottersbargarage.co.uk/wp-content/uploads/elementor/google-fonts/fonts/raleway-1ptug8zys_skggpnyciit5lu.woff2’ not modified on server. Omitting download.

--2026-06-23 19:43:15--  https://pottersbargarage.co.uk/wp-content/uploads/elementor/google-fonts/fonts/raleway-1ptug8zys_skggpnycmit5lu.woff2
Reusing existing connection to pottersbargarage.co.uk:443.
HTTP request sent, awaiting response... 304 Not Modified
File ‘/Users/tarnewestcott/Development/pottersbargarage/legacy/pottersbargarage.co.uk/wp-content/uploads/elementor/google-fonts/fonts/raleway-1ptug8zys_skggpnycmit5lu.woff2’ not modified on server. Omitting download.

--2026-06-23 19:43:16--  https://pottersbargarage.co.uk/wp-content/uploads/elementor/google-fonts/fonts/raleway-1ptug8zys_skggpnyc0itw.woff2
Reusing existing connection to pottersbargarage.co.uk:443.
HTTP request sent, awaiting response... 304 Not Modified
File ‘/Users/tarnewestcott/Development/pottersbargarage/legacy/pottersbargarage.co.uk/wp-content/uploads/elementor/google-fonts/fonts/raleway-1ptug8zys_skggpnyc0itw.woff2’ not modified on server. Omitting download.

--2026-06-23 19:43:16--  https://pottersbargarage.co.uk/wp-content/uploads/elementor/google-fonts/fonts/montserrat-jtuqjig1_i6t8kchkm459wxrxc7mw9c.woff2
Reusing existing connection to pottersbargarage.co.uk:443.
HTTP request sent, awaiting response... 304 Not Modified
File ‘/Users/tarnewestcott/Development/pottersbargarage/legacy/pottersbargarage.co.uk/wp-content/uploads/elementor/google-fonts/fonts/montserrat-jtuqjig1_i6t8kchkm459wxrxc7mw9c.woff2’ not modified on server. Omitting download.

--2026-06-23 19:43:17--  https://pottersbargarage.co.uk/wp-content/uploads/elementor/google-fonts/fonts/montserrat-jtuqjig1_i6t8kchkm459wxrzs7mw9c.woff2
Reusing existing connection to pottersbargarage.co.uk:443.
HTTP request sent, awaiting response... 304 Not Modified
File ‘/Users/tarnewestcott/Development/pottersbargarage/legacy/pottersbargarage.co.uk/wp-content/uploads/elementor/google-fonts/fonts/montserrat-jtuqjig1_i6t8kchkm459wxrzs7mw9c.woff2’ not modified on server. Omitting download.

--2026-06-23 19:43:18--  https://pottersbargarage.co.uk/wp-content/uploads/elementor/google-fonts/fonts/montserrat-jtuqjig1_i6t8kchkm459wxrxi7mw9c.woff2
Reusing existing connection to pottersbargarage.co.uk:443.
HTTP request sent, awaiting response... 304 Not Modified
File ‘/Users/tarnewestcott/Development/pottersbargarage/legacy/pottersbargarage.co.uk/wp-content/uploads/elementor/google-fonts/fonts/montserrat-jtuqjig1_i6t8kchkm459wxrxi7mw9c.woff2’ not modified on server. Omitting download.

--2026-06-23 19:43:18--  https://pottersbargarage.co.uk/wp-content/uploads/elementor/google-fonts/fonts/montserrat-jtuqjig1_i6t8kchkm459wxrxy7mw9c.woff2
Reusing existing connection to pottersbargarage.co.uk:443.
HTTP request sent, awaiting response... 304 Not Modified
File ‘/Users/tarnewestcott/Development/pottersbargarage/legacy/pottersbargarage.co.uk/wp-content/uploads/elementor/google-fonts/fonts/montserrat-jtuqjig1_i6t8kchkm459wxrxy7mw9c.woff2’ not modified on server. Omitting download.

--2026-06-23 19:43:18--  https://pottersbargarage.co.uk/wp-content/uploads/elementor/google-fonts/fonts/montserrat-jtuqjig1_i6t8kchkm459wxrys7m.woff2
Reusing existing connection to pottersbargarage.co.uk:443.
HTTP request sent, awaiting response... 304 Not Modified
File ‘/Users/tarnewestcott/Development/pottersbargarage/legacy/pottersbargarage.co.uk/wp-content/uploads/elementor/google-fonts/fonts/montserrat-jtuqjig1_i6t8kchkm459wxrys7m.woff2’ not modified on server. Omitting download.

--2026-06-23 19:43:19--  https://pottersbargarage.co.uk/wp-content/uploads/elementor/google-fonts/fonts/montserrat-jtusjig1_i6t8kchkm459wrhyzbi.woff2
Reusing existing connection to pottersbargarage.co.uk:443.
HTTP request sent, awaiting response... 304 Not Modified
File ‘/Users/tarnewestcott/Development/pottersbargarage/legacy/pottersbargarage.co.uk/wp-content/uploads/elementor/google-fonts/fonts/montserrat-jtusjig1_i6t8kchkm459wrhyzbi.woff2’ not modified on server. Omitting download.

--2026-06-23 19:43:20--  https://pottersbargarage.co.uk/wp-content/uploads/elementor/google-fonts/fonts/montserrat-jtusjig1_i6t8kchkm459w1hyzbi.woff2
Reusing existing connection to pottersbargarage.co.uk:443.
HTTP request sent, awaiting response... 304 Not Modified
File ‘/Users/tarnewestcott/Development/pottersbargarage/legacy/pottersbargarage.co.uk/wp-content/uploads/elementor/google-fonts/fonts/montserrat-jtusjig1_i6t8kchkm459w1hyzbi.woff2’ not modified on server. Omitting download.

--2026-06-23 19:43:20--  https://pottersbargarage.co.uk/wp-content/uploads/elementor/google-fonts/fonts/montserrat-jtusjig1_i6t8kchkm459wzhyzbi.woff2
Reusing existing connection to pottersbargarage.co.uk:443.
HTTP request sent, awaiting response... 304 Not Modified
File ‘/Users/tarnewestcott/Development/pottersbargarage/legacy/pottersbargarage.co.uk/wp-content/uploads/elementor/google-fonts/fonts/montserrat-jtusjig1_i6t8kchkm459wzhyzbi.woff2’ not modified on server. Omitting download.

--2026-06-23 19:43:21--  https://pottersbargarage.co.uk/wp-content/uploads/elementor/google-fonts/fonts/montserrat-jtusjig1_i6t8kchkm459wdhyzbi.woff2
Reusing existing connection to pottersbargarage.co.uk:443.
HTTP request sent, awaiting response... 304 Not Modified
File ‘/Users/tarnewestcott/Development/pottersbargarage/legacy/pottersbargarage.co.uk/wp-content/uploads/elementor/google-fonts/fonts/montserrat-jtusjig1_i6t8kchkm459wdhyzbi.woff2’ not modified on server. Omitting download.

--2026-06-23 19:43:22--  https://pottersbargarage.co.uk/wp-content/uploads/elementor/google-fonts/fonts/montserrat-jtusjig1_i6t8kchkm459wlhyw.woff2
Reusing existing connection to pottersbargarage.co.uk:443.
HTTP request sent, awaiting response... 304 Not Modified
File ‘/Users/tarnewestcott/Development/pottersbargarage/legacy/pottersbargarage.co.uk/wp-content/uploads/elementor/google-fonts/fonts/montserrat-jtusjig1_i6t8kchkm459wlhyw.woff2’ not modified on server. Omitting download.

--2026-06-23 19:43:22--  https://pottersbargarage.co.uk/wp-content/uploads/elementor/google-fonts/fonts/quicksand-6xktdszam9ie8kbpra_hjfqncom.woff2
Reusing existing connection to pottersbargarage.co.uk:443.
HTTP request sent, awaiting response... 304 Not Modified
File ‘/Users/tarnewestcott/Development/pottersbargarage/legacy/pottersbargarage.co.uk/wp-content/uploads/elementor/google-fonts/fonts/quicksand-6xktdszam9ie8kbpra_hjfqncom.woff2’ not modified on server. Omitting download.

--2026-06-23 19:43:23--  https://pottersbargarage.co.uk/wp-content/uploads/elementor/google-fonts/fonts/quicksand-6xktdszam9ie8kbpra_hjvqncom.woff2
Reusing existing connection to pottersbargarage.co.uk:443.
HTTP request sent, awaiting response... 304 Not Modified
File ‘/Users/tarnewestcott/Development/pottersbargarage/legacy/pottersbargarage.co.uk/wp-content/uploads/elementor/google-fonts/fonts/quicksand-6xktdszam9ie8kbpra_hjvqncom.woff2’ not modified on server. Omitting download.

--2026-06-23 19:43:23--  https://pottersbargarage.co.uk/wp-content/uploads/elementor/google-fonts/fonts/quicksand-6xktdszam9ie8kbpra_hk1qn.woff2
Reusing existing connection to pottersbargarage.co.uk:443.
HTTP request sent, awaiting response... 304 Not Modified
File ‘/Users/tarnewestcott/Development/pottersbargarage/legacy/pottersbargarage.co.uk/wp-content/uploads/elementor/google-fonts/fonts/quicksand-6xktdszam9ie8kbpra_hk1qn.woff2’ not modified on server. Omitting download.

--2026-06-23 19:43:24--  https://pottersbargarage.co.uk/wp-content/uploads/elementor/google-fonts/fonts/lexend-wlpwgwvfavdoq2_v9kqu4wc.woff2
Reusing existing connection to pottersbargarage.co.uk:443.
HTTP request sent, awaiting response... 304 Not Modified
File ‘/Users/tarnewestcott/Development/pottersbargarage/legacy/pottersbargarage.co.uk/wp-content/uploads/elementor/google-fonts/fonts/lexend-wlpwgwvfavdoq2_v9kqu4wc.woff2’ not modified on server. Omitting download.

--2026-06-23 19:43:24--  https://pottersbargarage.co.uk/wp-content/uploads/elementor/google-fonts/fonts/lexend-wlpwgwvfavdoq2_v9aqu4wc.woff2
Reusing existing connection to pottersbargarage.co.uk:443.
HTTP request sent, awaiting response... 304 Not Modified
File ‘/Users/tarnewestcott/Development/pottersbargarage/legacy/pottersbargarage.co.uk/wp-content/uploads/elementor/google-fonts/fonts/lexend-wlpwgwvfavdoq2_v9aqu4wc.woff2’ not modified on server. Omitting download.

--2026-06-23 19:43:25--  https://pottersbargarage.co.uk/wp-content/uploads/elementor/google-fonts/fonts/lexend-wlpwgwvfavdoq2_v-6qu.woff2
Reusing existing connection to pottersbargarage.co.uk:443.
HTTP request sent, awaiting response... 304 Not Modified
File ‘/Users/tarnewestcott/Development/pottersbargarage/legacy/pottersbargarage.co.uk/wp-content/uploads/elementor/google-fonts/fonts/lexend-wlpwgwvfavdoq2_v-6qu.woff2’ not modified on server. Omitting download.

--2026-06-23 19:43:25--  https://pottersbargarage.co.uk/wp-json/oembed/1.0/embed?url=https%3A%2F%2Fpottersbargarage.co.uk%2Fabout%2F
Reusing existing connection to pottersbargarage.co.uk:443.
HTTP request sent, awaiting response... 200 OK
Length: 2569 (2.5K) [application/json]
Saving to: ‘/Users/tarnewestcott/Development/pottersbargarage/legacy/pottersbargarage.co.uk/wp-json/oembed/1.0/embed?url=https:%2F%2Fpottersbargarage.co.uk%2Fabout%2F’

     0K ..                                                    100% 20.1M=0s

Last-modified header missing -- time-stamps turned off.
2026-06-23 19:43:27 (20.1 MB/s) - ‘/Users/tarnewestcott/Development/pottersbargarage/legacy/pottersbargarage.co.uk/wp-json/oembed/1.0/embed?url=https:%2F%2Fpottersbargarage.co.uk%2Fabout%2F’ saved [2569/2569]

--2026-06-23 19:43:27--  https://pottersbargarage.co.uk/wp-json/oembed/1.0/embed?url=https%3A%2F%2Fpottersbargarage.co.uk%2Fabout%2F&format=xml
Reusing existing connection to pottersbargarage.co.uk:443.
HTTP request sent, awaiting response... 200 OK
Length: 2719 (2.7K) [text/xml]
Saving to: ‘/Users/tarnewestcott/Development/pottersbargarage/legacy/pottersbargarage.co.uk/wp-json/oembed/1.0/embed?url=https:%2F%2Fpottersbargarage.co.uk%2Fabout%2F&format=xml’

     0K ..                                                    100% 89.4M=0s

Last-modified header missing -- time-stamps turned off.
2026-06-23 19:43:27 (89.4 MB/s) - ‘/Users/tarnewestcott/Development/pottersbargarage/legacy/pottersbargarage.co.uk/wp-json/oembed/1.0/embed?url=https:%2F%2Fpottersbargarage.co.uk%2Fabout%2F&format=xml’ saved [2719/2719]

--2026-06-23 19:43:28--  https://pottersbargarage.co.uk/wp-content/plugins/elementor/assets/css/widget-image-box.min.css?ver=4.1.3
Reusing existing connection to pottersbargarage.co.uk:443.
HTTP request sent, awaiting response... 200 OK
Length: 1657 (1.6K) [text/css]
Saving to: ‘/Users/tarnewestcott/Development/pottersbargarage/legacy/pottersbargarage.co.uk/wp-content/plugins/elementor/assets/css/widget-image-box.min.css?ver=4.1.3.css’

     0K .                                                     100% 5.64M=0s

2026-06-23 19:43:28 (5.64 MB/s) - ‘/Users/tarnewestcott/Development/pottersbargarage/legacy/pottersbargarage.co.uk/wp-content/plugins/elementor/assets/css/widget-image-box.min.css?ver=4.1.3.css’ saved [1657/1657]

--2026-06-23 19:43:28--  https://pottersbargarage.co.uk/wp-content/uploads/elementor/css/post-221.css?ver=1782235471
Reusing existing connection to pottersbargarage.co.uk:443.
HTTP request sent, awaiting response... 200 OK
Length: 8918 (8.7K) [text/css]
Saving to: ‘/Users/tarnewestcott/Development/pottersbargarage/legacy/pottersbargarage.co.uk/wp-content/uploads/elementor/css/post-221.css?ver=1782235471.css’

     0K ........                                              100%  293M=0s

2026-06-23 19:43:29 (293 MB/s) - ‘/Users/tarnewestcott/Development/pottersbargarage/legacy/pottersbargarage.co.uk/wp-content/uploads/elementor/css/post-221.css?ver=1782235471.css’ saved [8918/8918]

--2026-06-23 19:43:29--  https://pottersbargarage.co.uk/wp-content/uploads/premium-addons-elementor/pafe-50.css?ver=1651246321
Reusing existing connection to pottersbargarage.co.uk:443.
HTTP request sent, awaiting response... 200 OK
Length: 15755 (15K) [text/css]
Saving to: ‘/Users/tarnewestcott/Development/pottersbargarage/legacy/pottersbargarage.co.uk/wp-content/uploads/premium-addons-elementor/pafe-50.css?ver=1651246321.css’

     0K .......... .....                                      100%  714K=0.02s

2026-06-23 19:43:29 (714 KB/s) - ‘/Users/tarnewestcott/Development/pottersbargarage/legacy/pottersbargarage.co.uk/wp-content/uploads/premium-addons-elementor/pafe-50.css?ver=1651246321.css’ saved [15755/15755]

--2026-06-23 19:43:30--  https://pottersbargarage.co.uk/wp-content/uploads/happyaddons/css/ha-50.css?ver=3.22.0.1651246321
Reusing existing connection to pottersbargarage.co.uk:443.
HTTP request sent, awaiting response... 200 OK
Length: 1376 (1.3K) [text/css]
Saving to: ‘/Users/tarnewestcott/Development/pottersbargarage/legacy/pottersbargarage.co.uk/wp-content/uploads/happyaddons/css/ha-50.css?ver=3.22.0.1651246321.css’

     0K .                                                     100% 3.93M=0s

2026-06-23 19:43:30 (3.93 MB/s) - ‘/Users/tarnewestcott/Development/pottersbargarage/legacy/pottersbargarage.co.uk/wp-content/uploads/happyaddons/css/ha-50.css?ver=3.22.0.1651246321.css’ saved [1376/1376]

--2026-06-23 19:43:30--  https://pottersbargarage.co.uk/wp-content/themes/salient/css/salient-dynamic-styles.css?ver=40642
Reusing existing connection to pottersbargarage.co.uk:443.
HTTP request sent, awaiting response... 200 OK
Length: 101727 (99K) [text/css]
Saving to: ‘/Users/tarnewestcott/Development/pottersbargarage/legacy/pottersbargarage.co.uk/wp-content/themes/salient/css/salient-dynamic-styles.css?ver=40642.css’

     0K .......... .......... .......... .......... .......... 50%  904K 0s
    50K .......... .......... .......... .......... ......... 100% 2.04M=0.08s

2026-06-23 19:43:31 (1.23 MB/s) - ‘/Users/tarnewestcott/Development/pottersbargarage/legacy/pottersbargarage.co.uk/wp-content/themes/salient/css/salient-dynamic-styles.css?ver=40642.css’ saved [101727/101727]

--2026-06-23 19:43:31--  https://pottersbargarage.co.uk/wp-json/wp/v2/pages/221
Reusing existing connection to pottersbargarage.co.uk:443.
HTTP request sent, awaiting response... 200 OK
Length: unspecified [application/json]
Saving to: ‘/Users/tarnewestcott/Development/pottersbargarage/legacy/pottersbargarage.co.uk/wp-json/wp/v2/pages/221’

     0K .......... .......... .....                            1020K=0.03s

Last-modified header missing -- time-stamps turned off.
2026-06-23 19:43:32 (1020 KB/s) - ‘/Users/tarnewestcott/Development/pottersbargarage/legacy/pottersbargarage.co.uk/wp-json/wp/v2/pages/221’ saved [26533]

--2026-06-23 19:43:32--  https://pottersbargarage.co.uk/?p=221
Reusing existing connection to pottersbargarage.co.uk:443.
HTTP request sent, awaiting response... 301 Moved Permanently
Location: https://pottersbargarage.co.uk/about/ [following]
--2026-06-23 19:43:32--  https://pottersbargarage.co.uk/about/
Reusing existing connection to pottersbargarage.co.uk:443.
HTTP request sent, awaiting response... 200 OK
Length: unspecified [text/html]
Saving to: ‘/Users/tarnewestcott/Development/pottersbargarage/legacy/pottersbargarage.co.uk/index.html?p=221.tmp.html’

     0K .......... .......... .......... .......... ..........  898K
    50K .......... .......... .......... .......... .......... 1.75M
   100K .......... .......... .......... .......... .......... 21.9M
   150K .......... .......... .......... .........             20.5M=0.09s

Last-modified header missing -- time-stamps turned off.
2026-06-23 19:43:33 (2.11 MB/s) - ‘/Users/tarnewestcott/Development/pottersbargarage/legacy/pottersbargarage.co.uk/index.html?p=221.tmp.html’ saved [193981]

Removing /Users/tarnewestcott/Development/pottersbargarage/legacy/pottersbargarage.co.uk/index.html?p=221.tmp.html since it should be rejected.

--2026-06-23 19:43:33--  https://pottersbargarage.co.uk/wp-content/uploads/2022/04/mechanic-1-1.png
Reusing existing connection to pottersbargarage.co.uk:443.
HTTP request sent, awaiting response... 304 Not Modified
File ‘/Users/tarnewestcott/Development/pottersbargarage/legacy/pottersbargarage.co.uk/wp-content/uploads/2022/04/mechanic-1-1.png’ not modified on server. Omitting download.

--2026-06-23 19:43:34--  https://pottersbargarage.co.uk/wp-content/uploads/2022/04/mechanic-1-1-300x300.png
Reusing existing connection to pottersbargarage.co.uk:443.
HTTP request sent, awaiting response... 304 Not Modified
File ‘/Users/tarnewestcott/Development/pottersbargarage/legacy/pottersbargarage.co.uk/wp-content/uploads/2022/04/mechanic-1-1-300x300.png’ not modified on server. Omitting download.

--2026-06-23 19:43:35--  https://pottersbargarage.co.uk/wp-content/uploads/2022/04/mechanic-1-1-150x150.png
Reusing existing connection to pottersbargarage.co.uk:443.
HTTP request sent, awaiting response... 304 Not Modified
File ‘/Users/tarnewestcott/Development/pottersbargarage/legacy/pottersbargarage.co.uk/wp-content/uploads/2022/04/mechanic-1-1-150x150.png’ not modified on server. Omitting download.

--2026-06-23 19:43:35--  https://pottersbargarage.co.uk/wp-content/uploads/2022/04/mechanic-1-1-100x100.png
Reusing existing connection to pottersbargarage.co.uk:443.
HTTP request sent, awaiting response... 304 Not Modified
File ‘/Users/tarnewestcott/Development/pottersbargarage/legacy/pottersbargarage.co.uk/wp-content/uploads/2022/04/mechanic-1-1-100x100.png’ not modified on server. Omitting download.

--2026-06-23 19:43:36--  https://pottersbargarage.co.uk/wp-content/uploads/2022/04/mechanic-1-1-140x140.png
Reusing existing connection to pottersbargarage.co.uk:443.
HTTP request sent, awaiting response... 304 Not Modified
File ‘/Users/tarnewestcott/Development/pottersbargarage/legacy/pottersbargarage.co.uk/wp-content/uploads/2022/04/mechanic-1-1-140x140.png’ not modified on server. Omitting download.

--2026-06-23 19:43:36--  https://pottersbargarage.co.uk/wp-content/uploads/2022/04/mechanic-1-1-500x500.png
Reusing existing connection to pottersbargarage.co.uk:443.
HTTP request sent, awaiting response... 304 Not Modified
File ‘/Users/tarnewestcott/Development/pottersbargarage/legacy/pottersbargarage.co.uk/wp-content/uploads/2022/04/mechanic-1-1-500x500.png’ not modified on server. Omitting download.

--2026-06-23 19:43:37--  https://pottersbargarage.co.uk/wp-content/uploads/2022/04/mechanic-1-1-350x350.png
Reusing existing connection to pottersbargarage.co.uk:443.
HTTP request sent, awaiting response... 304 Not Modified
File ‘/Users/tarnewestcott/Development/pottersbargarage/legacy/pottersbargarage.co.uk/wp-content/uploads/2022/04/mechanic-1-1-350x350.png’ not modified on server. Omitting download.

--2026-06-23 19:43:37--  https://pottersbargarage.co.uk/wp-content/uploads/2022/04/dollar.png
Reusing existing connection to pottersbargarage.co.uk:443.
HTTP request sent, awaiting response... 304 Not Modified
File ‘/Users/tarnewestcott/Development/pottersbargarage/legacy/pottersbargarage.co.uk/wp-content/uploads/2022/04/dollar.png’ not modified on server. Omitting download.

--2026-06-23 19:43:38--  https://pottersbargarage.co.uk/wp-content/uploads/2022/04/dollar-300x300.png
Reusing existing connection to pottersbargarage.co.uk:443.
HTTP request sent, awaiting response... 304 Not Modified
File ‘/Users/tarnewestcott/Development/pottersbargarage/legacy/pottersbargarage.co.uk/wp-content/uploads/2022/04/dollar-300x300.png’ not modified on server. Omitting download.

--2026-06-23 19:43:38--  https://pottersbargarage.co.uk/wp-content/uploads/2022/04/dollar-150x150.png
Reusing existing connection to pottersbargarage.co.uk:443.
HTTP request sent, awaiting response... 304 Not Modified
File ‘/Users/tarnewestcott/Development/pottersbargarage/legacy/pottersbargarage.co.uk/wp-content/uploads/2022/04/dollar-150x150.png’ not modified on server. Omitting download.

--2026-06-23 19:43:39--  https://pottersbargarage.co.uk/wp-content/uploads/2022/04/dollar-100x100.png
Reusing existing connection to pottersbargarage.co.uk:443.
HTTP request sent, awaiting response... 304 Not Modified
File ‘/Users/tarnewestcott/Development/pottersbargarage/legacy/pottersbargarage.co.uk/wp-content/uploads/2022/04/dollar-100x100.png’ not modified on server. Omitting download.

--2026-06-23 19:43:39--  https://pottersbargarage.co.uk/wp-content/uploads/2022/04/dollar-140x140.png
Reusing existing connection to pottersbargarage.co.uk:443.
HTTP request sent, awaiting response... 304 Not Modified
File ‘/Users/tarnewestcott/Development/pottersbargarage/legacy/pottersbargarage.co.uk/wp-content/uploads/2022/04/dollar-140x140.png’ not modified on server. Omitting download.

--2026-06-23 19:43:40--  https://pottersbargarage.co.uk/wp-content/uploads/2022/04/dollar-500x500.png
Reusing existing connection to pottersbargarage.co.uk:443.
HTTP request sent, awaiting response... 304 Not Modified
File ‘/Users/tarnewestcott/Development/pottersbargarage/legacy/pottersbargarage.co.uk/wp-content/uploads/2022/04/dollar-500x500.png’ not modified on server. Omitting download.

--2026-06-23 19:43:41--  https://pottersbargarage.co.uk/wp-content/uploads/2022/04/dollar-350x350.png
Reusing existing connection to pottersbargarage.co.uk:443.
HTTP request sent, awaiting response... 304 Not Modified
File ‘/Users/tarnewestcott/Development/pottersbargarage/legacy/pottersbargarage.co.uk/wp-content/uploads/2022/04/dollar-350x350.png’ not modified on server. Omitting download.

--2026-06-23 19:43:41--  https://pottersbargarage.co.uk/wp-content/uploads/2022/04/shield.png
Reusing existing connection to pottersbargarage.co.uk:443.
HTTP request sent, awaiting response... 304 Not Modified
File ‘/Users/tarnewestcott/Development/pottersbargarage/legacy/pottersbargarage.co.uk/wp-content/uploads/2022/04/shield.png’ not modified on server. Omitting download.

--2026-06-23 19:43:42--  https://pottersbargarage.co.uk/wp-content/uploads/2022/04/shield-300x300.png
Reusing existing connection to pottersbargarage.co.uk:443.
HTTP request sent, awaiting response... 304 Not Modified
File ‘/Users/tarnewestcott/Development/pottersbargarage/legacy/pottersbargarage.co.uk/wp-content/uploads/2022/04/shield-300x300.png’ not modified on server. Omitting download.

--2026-06-23 19:43:42--  https://pottersbargarage.co.uk/wp-content/uploads/2022/04/shield-150x150.png
Reusing existing connection to pottersbargarage.co.uk:443.
HTTP request sent, awaiting response... 304 Not Modified
File ‘/Users/tarnewestcott/Development/pottersbargarage/legacy/pottersbargarage.co.uk/wp-content/uploads/2022/04/shield-150x150.png’ not modified on server. Omitting download.

--2026-06-23 19:43:43--  https://pottersbargarage.co.uk/wp-content/uploads/2022/04/shield-100x100.png
Reusing existing connection to pottersbargarage.co.uk:443.
HTTP request sent, awaiting response... 304 Not Modified
File ‘/Users/tarnewestcott/Development/pottersbargarage/legacy/pottersbargarage.co.uk/wp-content/uploads/2022/04/shield-100x100.png’ not modified on server. Omitting download.

--2026-06-23 19:43:43--  https://pottersbargarage.co.uk/wp-content/uploads/2022/04/shield-140x140.png
Reusing existing connection to pottersbargarage.co.uk:443.
HTTP request sent, awaiting response... 304 Not Modified
File ‘/Users/tarnewestcott/Development/pottersbargarage/legacy/pottersbargarage.co.uk/wp-content/uploads/2022/04/shield-140x140.png’ not modified on server. Omitting download.

--2026-06-23 19:43:44--  https://pottersbargarage.co.uk/wp-content/uploads/2022/04/shield-500x500.png
Reusing existing connection to pottersbargarage.co.uk:443.
HTTP request sent, awaiting response... 304 Not Modified
File ‘/Users/tarnewestcott/Development/pottersbargarage/legacy/pottersbargarage.co.uk/wp-content/uploads/2022/04/shield-500x500.png’ not modified on server. Omitting download.

--2026-06-23 19:43:44--  https://pottersbargarage.co.uk/wp-content/uploads/2022/04/shield-350x350.png
Reusing existing connection to pottersbargarage.co.uk:443.
HTTP request sent, awaiting response... 304 Not Modified
File ‘/Users/tarnewestcott/Development/pottersbargarage/legacy/pottersbargarage.co.uk/wp-content/uploads/2022/04/shield-350x350.png’ not modified on server. Omitting download.

--2026-06-23 19:43:45--  https://pottersbargarage.co.uk/wp-content/uploads/2022/04/stopwatch.png
Reusing existing connection to pottersbargarage.co.uk:443.
HTTP request sent, awaiting response... 304 Not Modified
File ‘/Users/tarnewestcott/Development/pottersbargarage/legacy/pottersbargarage.co.uk/wp-content/uploads/2022/04/stopwatch.png’ not modified on server. Omitting download.

--2026-06-23 19:43:45--  https://pottersbargarage.co.uk/wp-content/uploads/2022/04/stopwatch-300x300.png
Reusing existing connection to pottersbargarage.co.uk:443.
HTTP request sent, awaiting response... 304 Not Modified
File ‘/Users/tarnewestcott/Development/pottersbargarage/legacy/pottersbargarage.co.uk/wp-content/uploads/2022/04/stopwatch-300x300.png’ not modified on server. Omitting download.

--2026-06-23 19:43:46--  https://pottersbargarage.co.uk/wp-content/uploads/2022/04/stopwatch-150x150.png
Reusing existing connection to pottersbargarage.co.uk:443.
HTTP request sent, awaiting response... 304 Not Modified
File ‘/Users/tarnewestcott/Development/pottersbargarage/legacy/pottersbargarage.co.uk/wp-content/uploads/2022/04/stopwatch-150x150.png’ not modified on server. Omitting download.

--2026-06-23 19:43:46--  https://pottersbargarage.co.uk/wp-content/uploads/2022/04/stopwatch-100x100.png
Reusing existing connection to pottersbargarage.co.uk:443.
HTTP request sent, awaiting response... 304 Not Modified
File ‘/Users/tarnewestcott/Development/pottersbargarage/legacy/pottersbargarage.co.uk/wp-content/uploads/2022/04/stopwatch-100x100.png’ not modified on server. Omitting download.

--2026-06-23 19:43:47--  https://pottersbargarage.co.uk/wp-content/uploads/2022/04/stopwatch-140x140.png
Reusing existing connection to pottersbargarage.co.uk:443.
HTTP request sent, awaiting response... 304 Not Modified
File ‘/Users/tarnewestcott/Development/pottersbargarage/legacy/pottersbargarage.co.uk/wp-content/uploads/2022/04/stopwatch-140x140.png’ not modified on server. Omitting download.

--2026-06-23 19:43:47--  https://pottersbargarage.co.uk/wp-content/uploads/2022/04/stopwatch-500x500.png
Reusing existing connection to pottersbargarage.co.uk:443.
HTTP request sent, awaiting response... 304 Not Modified
File ‘/Users/tarnewestcott/Development/pottersbargarage/legacy/pottersbargarage.co.uk/wp-content/uploads/2022/04/stopwatch-500x500.png’ not modified on server. Omitting download.

--2026-06-23 19:43:48--  https://pottersbargarage.co.uk/wp-content/uploads/2022/04/stopwatch-350x350.png
Reusing existing connection to pottersbargarage.co.uk:443.
HTTP request sent, awaiting response... 304 Not Modified
File ‘/Users/tarnewestcott/Development/pottersbargarage/legacy/pottersbargarage.co.uk/wp-content/uploads/2022/04/stopwatch-350x350.png’ not modified on server. Omitting download.

--2026-06-23 19:43:48--  https://pottersbargarage.co.uk/wp-content/uploads/premium-addons-elementor/pafe-50.js?ver=1651246321
Reusing existing connection to pottersbargarage.co.uk:443.
HTTP request sent, awaiting response... 304 Not Modified
File ‘/Users/tarnewestcott/Development/pottersbargarage/legacy/pottersbargarage.co.uk/wp-content/uploads/premium-addons-elementor/pafe-50.js?ver=1651246321’ not modified on server. Omitting download.

--2026-06-23 19:43:49--  https://pottersbargarage.co.uk/wp-json/oembed/1.0/embed?url=https%3A%2F%2Fpottersbargarage.co.uk%2Fservices%2F
Reusing existing connection to pottersbargarage.co.uk:443.
HTTP request sent, awaiting response... 200 OK
Length: 2632 (2.6K) [application/json]
Saving to: ‘/Users/tarnewestcott/Development/pottersbargarage/legacy/pottersbargarage.co.uk/wp-json/oembed/1.0/embed?url=https:%2F%2Fpottersbargarage.co.uk%2Fservices%2F’

     0K ..                                                    100% 13.5M=0s

Last-modified header missing -- time-stamps turned off.
2026-06-23 19:43:49 (13.5 MB/s) - ‘/Users/tarnewestcott/Development/pottersbargarage/legacy/pottersbargarage.co.uk/wp-json/oembed/1.0/embed?url=https:%2F%2Fpottersbargarage.co.uk%2Fservices%2F’ saved [2632/2632]

--2026-06-23 19:43:50--  https://pottersbargarage.co.uk/wp-json/oembed/1.0/embed?url=https%3A%2F%2Fpottersbargarage.co.uk%2Fservices%2F&format=xml
Reusing existing connection to pottersbargarage.co.uk:443.
HTTP request sent, awaiting response... 200 OK
Length: 2782 (2.7K) [text/xml]
Saving to: ‘/Users/tarnewestcott/Development/pottersbargarage/legacy/pottersbargarage.co.uk/wp-json/oembed/1.0/embed?url=https:%2F%2Fpottersbargarage.co.uk%2Fservices%2F&format=xml’

     0K ..                                                    100% 14.7M=0s

Last-modified header missing -- time-stamps turned off.
2026-06-23 19:43:50 (14.7 MB/s) - ‘/Users/tarnewestcott/Development/pottersbargarage/legacy/pottersbargarage.co.uk/wp-json/oembed/1.0/embed?url=https:%2F%2Fpottersbargarage.co.uk%2Fservices%2F&format=xml’ saved [2782/2782]

--2026-06-23 19:43:50--  https://pottersbargarage.co.uk/wp-content/uploads/elementor/css/post-275.css?ver=1782233047
Reusing existing connection to pottersbargarage.co.uk:443.
HTTP request sent, awaiting response... 200 OK
Length: 18293 (18K) [text/css]
Saving to: ‘/Users/tarnewestcott/Development/pottersbargarage/legacy/pottersbargarage.co.uk/wp-content/uploads/elementor/css/post-275.css?ver=1782233047.css’

     0K .......... .......                                    100% 24.8M=0.001s

2026-06-23 19:43:50 (24.8 MB/s) - ‘/Users/tarnewestcott/Development/pottersbargarage/legacy/pottersbargarage.co.uk/wp-content/uploads/elementor/css/post-275.css?ver=1782233047.css’ saved [18293/18293]

--2026-06-23 19:43:51--  https://pottersbargarage.co.uk/wp-content/uploads/premium-addons-elementor/pafe-50.css?ver=1651246480
Reusing existing connection to pottersbargarage.co.uk:443.
HTTP request sent, awaiting response... 200 OK
Length: 15755 (15K) [text/css]
Saving to: ‘/Users/tarnewestcott/Development/pottersbargarage/legacy/pottersbargarage.co.uk/wp-content/uploads/premium-addons-elementor/pafe-50.css?ver=1651246480.css’

     0K .......... .....                                      100%  729K=0.02s

2026-06-23 19:43:51 (729 KB/s) - ‘/Users/tarnewestcott/Development/pottersbargarage/legacy/pottersbargarage.co.uk/wp-content/uploads/premium-addons-elementor/pafe-50.css?ver=1651246480.css’ saved [15755/15755]

--2026-06-23 19:43:52--  https://pottersbargarage.co.uk/wp-content/uploads/happyaddons/css/ha-50.css?ver=3.22.0.1651246480
Reusing existing connection to pottersbargarage.co.uk:443.
HTTP request sent, awaiting response... 200 OK
Length: 1376 (1.3K) [text/css]
Saving to: ‘/Users/tarnewestcott/Development/pottersbargarage/legacy/pottersbargarage.co.uk/wp-content/uploads/happyaddons/css/ha-50.css?ver=3.22.0.1651246480.css’

     0K .                                                     100%  187M=0s

2026-06-23 19:43:52 (187 MB/s) - ‘/Users/tarnewestcott/Development/pottersbargarage/legacy/pottersbargarage.co.uk/wp-content/uploads/happyaddons/css/ha-50.css?ver=3.22.0.1651246480.css’ saved [1376/1376]

--2026-06-23 19:43:52--  https://pottersbargarage.co.uk/wp-content/themes/salient/css/salient-dynamic-styles.css?ver=97674
Reusing existing connection to pottersbargarage.co.uk:443.
HTTP request sent, awaiting response... 200 OK
Length: 101727 (99K) [text/css]
Saving to: ‘/Users/tarnewestcott/Development/pottersbargarage/legacy/pottersbargarage.co.uk/wp-content/themes/salient/css/salient-dynamic-styles.css?ver=97674.css’

     0K .......... .......... .......... .......... .......... 50%  907K 0s
    50K .......... .......... .......... .......... ......... 100% 2.54M=0.07s

2026-06-23 19:43:52 (1.31 MB/s) - ‘/Users/tarnewestcott/Development/pottersbargarage/legacy/pottersbargarage.co.uk/wp-content/themes/salient/css/salient-dynamic-styles.css?ver=97674.css’ saved [101727/101727]

--2026-06-23 19:43:53--  https://pottersbargarage.co.uk/wp-json/wp/v2/pages/275
Reusing existing connection to pottersbargarage.co.uk:443.
HTTP request sent, awaiting response... 200 OK
Length: unspecified [application/json]
Saving to: ‘/Users/tarnewestcott/Development/pottersbargarage/legacy/pottersbargarage.co.uk/wp-json/wp/v2/pages/275’

     0K .......... .......... .......... .......... .......    2.77M=0.02s

Last-modified header missing -- time-stamps turned off.
2026-06-23 19:43:53 (2.77 MB/s) - ‘/Users/tarnewestcott/Development/pottersbargarage/legacy/pottersbargarage.co.uk/wp-json/wp/v2/pages/275’ saved [48545]

--2026-06-23 19:43:54--  https://pottersbargarage.co.uk/?p=275
Reusing existing connection to pottersbargarage.co.uk:443.
HTTP request sent, awaiting response... 301 Moved Permanently
Location: https://pottersbargarage.co.uk/services/ [following]
--2026-06-23 19:43:54--  https://pottersbargarage.co.uk/services/
Reusing existing connection to pottersbargarage.co.uk:443.
HTTP request sent, awaiting response... 200 OK
Length: unspecified [text/html]
Saving to: ‘/Users/tarnewestcott/Development/pottersbargarage/legacy/pottersbargarage.co.uk/index.html?p=275.tmp.html’

     0K .......... .......... .......... .......... ..........  928K
    50K .......... .......... .......... .......... .......... 2.09M
   100K .......... .......... .......... .......... .......... 3.50M
   150K .......... .......... .......... .......... .......... 22.4M
   200K ........                                               29.4M=0.09s

Last-modified header missing -- time-stamps turned off.
2026-06-23 19:43:55 (2.17 MB/s) - ‘/Users/tarnewestcott/Development/pottersbargarage/legacy/pottersbargarage.co.uk/index.html?p=275.tmp.html’ saved [213420]

Removing /Users/tarnewestcott/Development/pottersbargarage/legacy/pottersbargarage.co.uk/index.html?p=275.tmp.html since it should be rejected.

--2026-06-23 19:43:56--  https://pottersbargarage.co.uk/wp-content/uploads/elementor/thumbs/Servicing-1-po30xbgi9qag4qfis32rweo6blz9jszc45ml9wyx14.jpg
Reusing existing connection to pottersbargarage.co.uk:443.
HTTP request sent, awaiting response... 304 Not Modified
File ‘/Users/tarnewestcott/Development/pottersbargarage/legacy/pottersbargarage.co.uk/wp-content/uploads/elementor/thumbs/Servicing-1-po30xbgi9qag4qfis32rweo6blz9jszc45ml9wyx14.jpg’ not modified on server. Omitting download.

--2026-06-23 19:43:56--  https://pottersbargarage.co.uk/wp-content/uploads/elementor/thumbs/maxim-hopman-s4d_ESS0ylA-unsplash-1-1-po30tqom9fe5y5mko1evwt60xtlz99s3yg92j09upk.jpg
Reusing existing connection to pottersbargarage.co.uk:443.
HTTP request sent, awaiting response... 304 Not Modified
File ‘/Users/tarnewestcott/Development/pottersbargarage/legacy/pottersbargarage.co.uk/wp-content/uploads/elementor/thumbs/maxim-hopman-s4d_ESS0ylA-unsplash-1-1-po30tqom9fe5y5mko1evwt60xtlz99s3yg92j09upk.jpg’ not modified on server. Omitting download.

--2026-06-23 19:43:57--  https://pottersbargarage.co.uk/wp-content/uploads/2022/04/7-2.png
Reusing existing connection to pottersbargarage.co.uk:443.
HTTP request sent, awaiting response... 304 Not Modified
File ‘/Users/tarnewestcott/Development/pottersbargarage/legacy/pottersbargarage.co.uk/wp-content/uploads/2022/04/7-2.png’ not modified on server. Omitting download.

--2026-06-23 19:43:57--  https://pottersbargarage.co.uk/wp-content/uploads/2022/04/7-2-300x225.png
Reusing existing connection to pottersbargarage.co.uk:443.
HTTP request sent, awaiting response... 304 Not Modified
File ‘/Users/tarnewestcott/Development/pottersbargarage/legacy/pottersbargarage.co.uk/wp-content/uploads/2022/04/7-2-300x225.png’ not modified on server. Omitting download.

--2026-06-23 19:43:57--  https://pottersbargarage.co.uk/wp-content/uploads/elementor/thumbs/8-1-pn09lbe8gmgsuj7se0y5ra0kg14epxezutxjnsgjp4.png
Reusing existing connection to pottersbargarage.co.uk:443.
HTTP request sent, awaiting response... 304 Not Modified
File ‘/Users/tarnewestcott/Development/pottersbargarage/legacy/pottersbargarage.co.uk/wp-content/uploads/elementor/thumbs/8-1-pn09lbe8gmgsuj7se0y5ra0kg14epxezutxjnsgjp4.png’ not modified on server. Omitting download.

--2026-06-23 19:43:58--  https://pottersbargarage.co.uk/wp-content/uploads/elementor/thumbs/5-2-pn09l7mvpabnk3d8zzbnhayq2hmxv502ibblqom4e0.png
Reusing existing connection to pottersbargarage.co.uk:443.
HTTP request sent, awaiting response... 304 Not Modified
File ‘/Users/tarnewestcott/Development/pottersbargarage/legacy/pottersbargarage.co.uk/wp-content/uploads/elementor/thumbs/5-2-pn09l7mvpabnk3d8zzbnhayq2hmxv502ibblqom4e0.png’ not modified on server. Omitting download.

--2026-06-23 19:43:59--  https://pottersbargarage.co.uk/wp-content/uploads/elementor/thumbs/9-pn09lv4ug57tmcf46rhbpn18x4f47klcxjmqqlna2g.png
Reusing existing connection to pottersbargarage.co.uk:443.
HTTP request sent, awaiting response... 304 Not Modified
File ‘/Users/tarnewestcott/Development/pottersbargarage/legacy/pottersbargarage.co.uk/wp-content/uploads/elementor/thumbs/9-pn09lv4ug57tmcf46rhbpn18x4f47klcxjmqqlna2g.png’ not modified on server. Omitting download.

--2026-06-23 19:43:59--  https://pottersbargarage.co.uk/wp-content/uploads/2022/04/4-2.png
Reusing existing connection to pottersbargarage.co.uk:443.
HTTP request sent, awaiting response... 304 Not Modified
File ‘/Users/tarnewestcott/Development/pottersbargarage/legacy/pottersbargarage.co.uk/wp-content/uploads/2022/04/4-2.png’ not modified on server. Omitting download.

--2026-06-23 19:44:00--  https://pottersbargarage.co.uk/wp-content/uploads/2022/04/4-2-300x225.png
Reusing existing connection to pottersbargarage.co.uk:443.
HTTP request sent, awaiting response... 304 Not Modified
File ‘/Users/tarnewestcott/Development/pottersbargarage/legacy/pottersbargarage.co.uk/wp-content/uploads/2022/04/4-2-300x225.png’ not modified on server. Omitting download.

--2026-06-23 19:44:00--  https://pottersbargarage.co.uk/wp-content/uploads/elementor/thumbs/updated-1-pn09lrdhot2obwkksputfnzejkxncs6fl10sthsurc.png
Reusing existing connection to pottersbargarage.co.uk:443.
HTTP request sent, awaiting response... 304 Not Modified
File ‘/Users/tarnewestcott/Development/pottersbargarage/legacy/pottersbargarage.co.uk/wp-content/uploads/elementor/thumbs/updated-1-pn09lrdhot2obwkksputfnzejkxncs6fl10sthsurc.png’ not modified on server. Omitting download.

--2026-06-23 19:44:00--  https://pottersbargarage.co.uk/wp-content/uploads/elementor/thumbs/up-pn09lojz4aytd2oo96mxq6p0rfbjpov8kn2cdnx1a0.png
Reusing existing connection to pottersbargarage.co.uk:443.
HTTP request sent, awaiting response... 304 Not Modified
File ‘/Users/tarnewestcott/Development/pottersbargarage/legacy/pottersbargarage.co.uk/wp-content/uploads/elementor/thumbs/up-pn09lojz4aytd2oo96mxq6p0rfbjpov8kn2cdnx1a0.png’ not modified on server. Omitting download.

--2026-06-23 19:44:01--  https://pottersbargarage.co.uk/wp-content/uploads/elementor/thumbs/chuttersnap-xJLsHl0hIik-unsplash-2-po30wgfu073zhlokt7o344hypw85hsk6zw3kfs8wqg.jpg
Reusing existing connection to pottersbargarage.co.uk:443.
HTTP request sent, awaiting response... 304 Not Modified
File ‘/Users/tarnewestcott/Development/pottersbargarage/legacy/pottersbargarage.co.uk/wp-content/uploads/elementor/thumbs/chuttersnap-xJLsHl0hIik-unsplash-2-po30wgfu073zhlokt7o344hypw85hsk6zw3kfs8wqg.jpg’ not modified on server. Omitting download.

--2026-06-23 19:44:01--  https://pottersbargarage.co.uk/wp-content/uploads/premium-addons-elementor/pafe-50.js?ver=1651246480
Reusing existing connection to pottersbargarage.co.uk:443.
HTTP request sent, awaiting response... 304 Not Modified
File ‘/Users/tarnewestcott/Development/pottersbargarage/legacy/pottersbargarage.co.uk/wp-content/uploads/premium-addons-elementor/pafe-50.js?ver=1651246480’ not modified on server. Omitting download.

--2026-06-23 19:44:02--  https://pottersbargarage.co.uk/wp-content/themes/salient/js/third-party/vivus.min.js?ver=6.0.1
Reusing existing connection to pottersbargarage.co.uk:443.
HTTP request sent, awaiting response... 304 Not Modified
File ‘/Users/tarnewestcott/Development/pottersbargarage/legacy/pottersbargarage.co.uk/wp-content/themes/salient/js/third-party/vivus.min.js?ver=6.0.1’ not modified on server. Omitting download.

--2026-06-23 19:44:03--  https://pottersbargarage.co.uk/wp-json/oembed/1.0/embed?url=https%3A%2F%2Fpottersbargarage.co.uk%2Fair-conditioning%2F
Reusing existing connection to pottersbargarage.co.uk:443.
HTTP request sent, awaiting response... 200 OK
Length: 2635 (2.6K) [application/json]
Saving to: ‘/Users/tarnewestcott/Development/pottersbargarage/legacy/pottersbargarage.co.uk/wp-json/oembed/1.0/embed?url=https:%2F%2Fpottersbargarage.co.uk%2Fair-conditioning%2F’

     0K ..                                                    100% 26.5M=0s

Last-modified header missing -- time-stamps turned off.
2026-06-23 19:44:03 (26.5 MB/s) - ‘/Users/tarnewestcott/Development/pottersbargarage/legacy/pottersbargarage.co.uk/wp-json/oembed/1.0/embed?url=https:%2F%2Fpottersbargarage.co.uk%2Fair-conditioning%2F’ saved [2635/2635]

--2026-06-23 19:44:04--  https://pottersbargarage.co.uk/wp-json/oembed/1.0/embed?url=https%3A%2F%2Fpottersbargarage.co.uk%2Fair-conditioning%2F&format=xml
Reusing existing connection to pottersbargarage.co.uk:443.
HTTP request sent, awaiting response... 200 OK
Length: 2787 (2.7K) [text/xml]
Saving to: ‘/Users/tarnewestcott/Development/pottersbargarage/legacy/pottersbargarage.co.uk/wp-json/oembed/1.0/embed?url=https:%2F%2Fpottersbargarage.co.uk%2Fair-conditioning%2F&format=xml’

     0K ..                                                    100%  295M=0s

Last-modified header missing -- time-stamps turned off.
2026-06-23 19:44:04 (295 MB/s) - ‘/Users/tarnewestcott/Development/pottersbargarage/legacy/pottersbargarage.co.uk/wp-json/oembed/1.0/embed?url=https:%2F%2Fpottersbargarage.co.uk%2Fair-conditioning%2F&format=xml’ saved [2787/2787]

--2026-06-23 19:44:04--  https://pottersbargarage.co.uk/wp-content/uploads/elementor/css/post-380.css?ver=1782232150
Reusing existing connection to pottersbargarage.co.uk:443.
HTTP request sent, awaiting response... 200 OK
Length: 9472 (9.2K) [text/css]
Saving to: ‘/Users/tarnewestcott/Development/pottersbargarage/legacy/pottersbargarage.co.uk/wp-content/uploads/elementor/css/post-380.css?ver=1782232150.css’

     0K .........                                             100% 5.36M=0.002s

2026-06-23 19:44:04 (5.36 MB/s) - ‘/Users/tarnewestcott/Development/pottersbargarage/legacy/pottersbargarage.co.uk/wp-content/uploads/elementor/css/post-380.css?ver=1782232150.css’ saved [9472/9472]

--2026-06-23 19:44:05--  https://pottersbargarage.co.uk/wp-content/uploads/premium-addons-elementor/pafe-50.css?ver=1651246564
Reusing existing connection to pottersbargarage.co.uk:443.
HTTP request sent, awaiting response... 200 OK
Length: 15755 (15K) [text/css]
Saving to: ‘/Users/tarnewestcott/Development/pottersbargarage/legacy/pottersbargarage.co.uk/wp-content/uploads/premium-addons-elementor/pafe-50.css?ver=1651246564.css’

     0K .......... .....                                      100%  678K=0.02s

2026-06-23 19:44:05 (678 KB/s) - ‘/Users/tarnewestcott/Development/pottersbargarage/legacy/pottersbargarage.co.uk/wp-content/uploads/premium-addons-elementor/pafe-50.css?ver=1651246564.css’ saved [15755/15755]

--2026-06-23 19:44:06--  https://pottersbargarage.co.uk/wp-content/uploads/happyaddons/css/ha-50.css?ver=3.22.0.1651246564
Reusing existing connection to pottersbargarage.co.uk:443.
HTTP request sent, awaiting response... 200 OK
Length: 1376 (1.3K) [text/css]
Saving to: ‘/Users/tarnewestcott/Development/pottersbargarage/legacy/pottersbargarage.co.uk/wp-content/uploads/happyaddons/css/ha-50.css?ver=3.22.0.1651246564.css’

     0K .                                                     100% 4.59M=0s

2026-06-23 19:44:06 (4.59 MB/s) - ‘/Users/tarnewestcott/Development/pottersbargarage/legacy/pottersbargarage.co.uk/wp-content/uploads/happyaddons/css/ha-50.css?ver=3.22.0.1651246564.css’ saved [1376/1376]

--2026-06-23 19:44:07--  https://pottersbargarage.co.uk/wp-content/themes/salient/css/salient-dynamic-styles.css?ver=28441
Reusing existing connection to pottersbargarage.co.uk:443.
HTTP request sent, awaiting response... 200 OK
Length: 101727 (99K) [text/css]
Saving to: ‘/Users/tarnewestcott/Development/pottersbargarage/legacy/pottersbargarage.co.uk/wp-content/themes/salient/css/salient-dynamic-styles.css?ver=28441.css’

     0K .......... .......... .......... .......... .......... 50%  899K 0s
    50K .......... .......... .......... .......... ......... 100% 2.09M=0.08s

2026-06-23 19:44:07 (1.23 MB/s) - ‘/Users/tarnewestcott/Development/pottersbargarage/legacy/pottersbargarage.co.uk/wp-content/themes/salient/css/salient-dynamic-styles.css?ver=28441.css’ saved [101727/101727]

--2026-06-23 19:44:07--  https://pottersbargarage.co.uk/wp-json/wp/v2/pages/380
Reusing existing connection to pottersbargarage.co.uk:443.
HTTP request sent, awaiting response... 200 OK
Length: 28503 (28K) [application/json]
Saving to: ‘/Users/tarnewestcott/Development/pottersbargarage/legacy/pottersbargarage.co.uk/wp-json/wp/v2/pages/380’

     0K .......... .......... .......                         100% 1.41M=0.02s

Last-modified header missing -- time-stamps turned off.
2026-06-23 19:44:08 (1.41 MB/s) - ‘/Users/tarnewestcott/Development/pottersbargarage/legacy/pottersbargarage.co.uk/wp-json/wp/v2/pages/380’ saved [28503/28503]

--2026-06-23 19:44:08--  https://pottersbargarage.co.uk/?p=380
Reusing existing connection to pottersbargarage.co.uk:443.
HTTP request sent, awaiting response... 301 Moved Permanently
Location: https://pottersbargarage.co.uk/air-conditioning/ [following]
--2026-06-23 19:44:09--  https://pottersbargarage.co.uk/air-conditioning/
Reusing existing connection to pottersbargarage.co.uk:443.
HTTP request sent, awaiting response... 200 OK
Length: unspecified [text/html]
Saving to: ‘/Users/tarnewestcott/Development/pottersbargarage/legacy/pottersbargarage.co.uk/index.html?p=380.tmp.html’

     0K .......... .......... .......... .......... ..........  913K
    50K .......... .......... .......... .......... .......... 1.92M
   100K .......... .......... .......... .......... .......... 7.12M
   150K .......... .......... .......... .......... .          10.0M=0.09s

Last-modified header missing -- time-stamps turned off.
2026-06-23 19:44:09 (2.06 MB/s) - ‘/Users/tarnewestcott/Development/pottersbargarage/legacy/pottersbargarage.co.uk/index.html?p=380.tmp.html’ saved [196524]

Removing /Users/tarnewestcott/Development/pottersbargarage/legacy/pottersbargarage.co.uk/index.html?p=380.tmp.html since it should be rejected.

--2026-06-23 19:44:10--  https://pottersbargarage.co.uk/wp-content/uploads/elementor/thumbs/9-pn09lv4ug57je1qz0q53g348q770kmlrmsvtq4dsjo.png
Reusing existing connection to pottersbargarage.co.uk:443.
HTTP request sent, awaiting response... 304 Not Modified
File ‘/Users/tarnewestcott/Development/pottersbargarage/legacy/pottersbargarage.co.uk/wp-content/uploads/elementor/thumbs/9-pn09lv4ug57je1qz0q53g348q770kmlrmsvtq4dsjo.png’ not modified on server. Omitting download.

--2026-06-23 19:44:10--  https://pottersbargarage.co.uk/wp-content/uploads/premium-addons-elementor/pafe-50.js?ver=1651246564
Reusing existing connection to pottersbargarage.co.uk:443.
HTTP request sent, awaiting response... 304 Not Modified
File ‘/Users/tarnewestcott/Development/pottersbargarage/legacy/pottersbargarage.co.uk/wp-content/uploads/premium-addons-elementor/pafe-50.js?ver=1651246564’ not modified on server. Omitting download.

--2026-06-23 19:44:11--  https://pottersbargarage.co.uk/wp-json/oembed/1.0/embed?url=https%3A%2F%2Fpottersbargarage.co.uk%2Fbrakes%2F
Reusing existing connection to pottersbargarage.co.uk:443.
HTTP request sent, awaiting response... 200 OK
Length: 2590 (2.5K) [application/json]
Saving to: ‘/Users/tarnewestcott/Development/pottersbargarage/legacy/pottersbargarage.co.uk/wp-json/oembed/1.0/embed?url=https:%2F%2Fpottersbargarage.co.uk%2Fbrakes%2F’

     0K ..                                                    100% 17.3M=0s

Last-modified header missing -- time-stamps turned off.
2026-06-23 19:44:11 (17.3 MB/s) - ‘/Users/tarnewestcott/Development/pottersbargarage/legacy/pottersbargarage.co.uk/wp-json/oembed/1.0/embed?url=https:%2F%2Fpottersbargarage.co.uk%2Fbrakes%2F’ saved [2590/2590]

--2026-06-23 19:44:12--  https://pottersbargarage.co.uk/wp-json/oembed/1.0/embed?url=https%3A%2F%2Fpottersbargarage.co.uk%2Fbrakes%2F&format=xml
Reusing existing connection to pottersbargarage.co.uk:443.
HTTP request sent, awaiting response... 200 OK
Length: 2740 (2.7K) [text/xml]
Saving to: ‘/Users/tarnewestcott/Development/pottersbargarage/legacy/pottersbargarage.co.uk/wp-json/oembed/1.0/embed?url=https:%2F%2Fpottersbargarage.co.uk%2Fbrakes%2F&format=xml’

     0K ..                                                    100% 14.3M=0s

Last-modified header missing -- time-stamps turned off.
2026-06-23 19:44:12 (14.3 MB/s) - ‘/Users/tarnewestcott/Development/pottersbargarage/legacy/pottersbargarage.co.uk/wp-json/oembed/1.0/embed?url=https:%2F%2Fpottersbargarage.co.uk%2Fbrakes%2F&format=xml’ saved [2740/2740]

--2026-06-23 19:44:12--  https://pottersbargarage.co.uk/wp-content/uploads/elementor/css/post-388.css?ver=1782235474
Reusing existing connection to pottersbargarage.co.uk:443.
HTTP request sent, awaiting response... 200 OK
Length: 9472 (9.2K) [text/css]
Saving to: ‘/Users/tarnewestcott/Development/pottersbargarage/legacy/pottersbargarage.co.uk/wp-content/uploads/elementor/css/post-388.css?ver=1782235474.css’

     0K .........                                             100% 1004M=0s

2026-06-23 19:44:13 (1004 MB/s) - ‘/Users/tarnewestcott/Development/pottersbargarage/legacy/pottersbargarage.co.uk/wp-content/uploads/elementor/css/post-388.css?ver=1782235474.css’ saved [9472/9472]

--2026-06-23 19:44:13--  https://pottersbargarage.co.uk/wp-content/uploads/premium-addons-elementor/pafe-50.css?ver=1651246648
Reusing existing connection to pottersbargarage.co.uk:443.
HTTP request sent, awaiting response... 200 OK
Length: 15755 (15K) [text/css]
Saving to: ‘/Users/tarnewestcott/Development/pottersbargarage/legacy/pottersbargarage.co.uk/wp-content/uploads/premium-addons-elementor/pafe-50.css?ver=1651246648.css’

     0K .......... .....                                      100%  656K=0.02s

2026-06-23 19:44:13 (656 KB/s) - ‘/Users/tarnewestcott/Development/pottersbargarage/legacy/pottersbargarage.co.uk/wp-content/uploads/premium-addons-elementor/pafe-50.css?ver=1651246648.css’ saved [15755/15755]

--2026-06-23 19:44:14--  https://pottersbargarage.co.uk/wp-content/uploads/happyaddons/css/ha-50.css?ver=3.22.0.1651246648
Reusing existing connection to pottersbargarage.co.uk:443.
HTTP request sent, awaiting response... 200 OK
Length: 1376 (1.3K) [text/css]
Saving to: ‘/Users/tarnewestcott/Development/pottersbargarage/legacy/pottersbargarage.co.uk/wp-content/uploads/happyaddons/css/ha-50.css?ver=3.22.0.1651246648.css’

     0K .                                                     100%  164M=0s

2026-06-23 19:44:14 (164 MB/s) - ‘/Users/tarnewestcott/Development/pottersbargarage/legacy/pottersbargarage.co.uk/wp-content/uploads/happyaddons/css/ha-50.css?ver=3.22.0.1651246648.css’ saved [1376/1376]

--2026-06-23 19:44:14--  https://pottersbargarage.co.uk/wp-content/themes/salient/css/salient-dynamic-styles.css?ver=2447
Reusing existing connection to pottersbargarage.co.uk:443.
HTTP request sent, awaiting response... 200 OK
Length: 101727 (99K) [text/css]
Saving to: ‘/Users/tarnewestcott/Development/pottersbargarage/legacy/pottersbargarage.co.uk/wp-content/themes/salient/css/salient-dynamic-styles.css?ver=2447.css’

     0K .......... .......... .......... .......... .......... 50%  867K 0s
    50K .......... .......... .......... .......... ......... 100% 2.58M=0.08s

2026-06-23 19:44:14 (1.27 MB/s) - ‘/Users/tarnewestcott/Development/pottersbargarage/legacy/pottersbargarage.co.uk/wp-content/themes/salient/css/salient-dynamic-styles.css?ver=2447.css’ saved [101727/101727]

--2026-06-23 19:44:15--  https://pottersbargarage.co.uk/wp-json/wp/v2/pages/388
Reusing existing connection to pottersbargarage.co.uk:443.
HTTP request sent, awaiting response... 200 OK
Length: unspecified [application/json]
Saving to: ‘/Users/tarnewestcott/Development/pottersbargarage/legacy/pottersbargarage.co.uk/wp-json/wp/v2/pages/388’

     0K .......... .......... .......                          2.75M=0.01s

Last-modified header missing -- time-stamps turned off.
2026-06-23 19:44:15 (2.75 MB/s) - ‘/Users/tarnewestcott/Development/pottersbargarage/legacy/pottersbargarage.co.uk/wp-json/wp/v2/pages/388’ saved [28279]

--2026-06-23 19:44:15--  https://pottersbargarage.co.uk/?p=388
Reusing existing connection to pottersbargarage.co.uk:443.
HTTP request sent, awaiting response... 301 Moved Permanently
Location: https://pottersbargarage.co.uk/brakes/ [following]
--2026-06-23 19:44:16--  https://pottersbargarage.co.uk/brakes/
Reusing existing connection to pottersbargarage.co.uk:443.
HTTP request sent, awaiting response... 200 OK
Length: unspecified [text/html]
Saving to: ‘/Users/tarnewestcott/Development/pottersbargarage/legacy/pottersbargarage.co.uk/index.html?p=388.tmp.html’

     0K .......... .......... .......... .......... ..........  944K
    50K .......... .......... .......... .......... .......... 1.93M
   100K .......... .......... .......... .......... .......... 5.51M
   150K .......... .......... .......... .......... .          13.3M=0.09s

Last-modified header missing -- time-stamps turned off.
2026-06-23 19:44:16 (2.08 MB/s) - ‘/Users/tarnewestcott/Development/pottersbargarage/legacy/pottersbargarage.co.uk/index.html?p=388.tmp.html’ saved [196354]

Removing /Users/tarnewestcott/Development/pottersbargarage/legacy/pottersbargarage.co.uk/index.html?p=388.tmp.html since it should be rejected.

--2026-06-23 19:44:17--  https://pottersbargarage.co.uk/wp-content/uploads/elementor/thumbs/4-2-pn09lh19lmo8jwbgb21owoobtf4id61skv3jiyyp50.png
Reusing existing connection to pottersbargarage.co.uk:443.
HTTP request sent, awaiting response... 304 Not Modified
File ‘/Users/tarnewestcott/Development/pottersbargarage/legacy/pottersbargarage.co.uk/wp-content/uploads/elementor/thumbs/4-2-pn09lh19lmo8jwbgb21owoobtf4id61skv3jiyyp50.png’ not modified on server. Omitting download.

--2026-06-23 19:44:17--  https://pottersbargarage.co.uk/wp-content/uploads/premium-addons-elementor/pafe-50.js?ver=1651246648
Reusing existing connection to pottersbargarage.co.uk:443.
HTTP request sent, awaiting response... 304 Not Modified
File ‘/Users/tarnewestcott/Development/pottersbargarage/legacy/pottersbargarage.co.uk/wp-content/uploads/premium-addons-elementor/pafe-50.js?ver=1651246648’ not modified on server. Omitting download.

--2026-06-23 19:44:18--  https://pottersbargarage.co.uk/wp-json/oembed/1.0/embed?url=https%3A%2F%2Fpottersbargarage.co.uk%2Fbatteries%2F
Reusing existing connection to pottersbargarage.co.uk:443.
HTTP request sent, awaiting response... 200 OK
Length: 2580 (2.5K) [application/json]
Saving to: ‘/Users/tarnewestcott/Development/pottersbargarage/legacy/pottersbargarage.co.uk/wp-json/oembed/1.0/embed?url=https:%2F%2Fpottersbargarage.co.uk%2Fbatteries%2F’

     0K ..                                                    100% 18.4M=0s

Last-modified header missing -- time-stamps turned off.
2026-06-23 19:44:18 (18.4 MB/s) - ‘/Users/tarnewestcott/Development/pottersbargarage/legacy/pottersbargarage.co.uk/wp-json/oembed/1.0/embed?url=https:%2F%2Fpottersbargarage.co.uk%2Fbatteries%2F’ saved [2580/2580]

--2026-06-23 19:44:18--  https://pottersbargarage.co.uk/wp-json/oembed/1.0/embed?url=https%3A%2F%2Fpottersbargarage.co.uk%2Fbatteries%2F&format=xml
Reusing existing connection to pottersbargarage.co.uk:443.
HTTP request sent, awaiting response... 200 OK
Length: 2730 (2.7K) [text/xml]
Saving to: ‘/Users/tarnewestcott/Development/pottersbargarage/legacy/pottersbargarage.co.uk/wp-json/oembed/1.0/embed?url=https:%2F%2Fpottersbargarage.co.uk%2Fbatteries%2F&format=xml’

     0K ..                                                    100%  260M=0s

Last-modified header missing -- time-stamps turned off.
2026-06-23 19:44:18 (260 MB/s) - ‘/Users/tarnewestcott/Development/pottersbargarage/legacy/pottersbargarage.co.uk/wp-json/oembed/1.0/embed?url=https:%2F%2Fpottersbargarage.co.uk%2Fbatteries%2F&format=xml’ saved [2730/2730]

--2026-06-23 19:44:19--  https://pottersbargarage.co.uk/wp-content/uploads/elementor/css/post-378.css?ver=1782224931
Reusing existing connection to pottersbargarage.co.uk:443.
HTTP request sent, awaiting response... 200 OK
Length: 9472 (9.2K) [text/css]
Saving to: ‘/Users/tarnewestcott/Development/pottersbargarage/legacy/pottersbargarage.co.uk/wp-content/uploads/elementor/css/post-378.css?ver=1782224931.css’

     0K .........                                             100% 31.3M=0s

2026-06-23 19:44:19 (31.3 MB/s) - ‘/Users/tarnewestcott/Development/pottersbargarage/legacy/pottersbargarage.co.uk/wp-content/uploads/elementor/css/post-378.css?ver=1782224931.css’ saved [9472/9472]

--2026-06-23 19:44:19--  https://pottersbargarage.co.uk/wp-content/uploads/premium-addons-elementor/pafe-50.css?ver=1651246690
Reusing existing connection to pottersbargarage.co.uk:443.
HTTP request sent, awaiting response... 200 OK
Length: 15755 (15K) [text/css]
Saving to: ‘/Users/tarnewestcott/Development/pottersbargarage/legacy/pottersbargarage.co.uk/wp-content/uploads/premium-addons-elementor/pafe-50.css?ver=1651246690.css’

     0K .......... .....                                      100% 1.63G=0s

2026-06-23 19:44:20 (1.63 GB/s) - ‘/Users/tarnewestcott/Development/pottersbargarage/legacy/pottersbargarage.co.uk/wp-content/uploads/premium-addons-elementor/pafe-50.css?ver=1651246690.css’ saved [15755/15755]

--2026-06-23 19:44:20--  https://pottersbargarage.co.uk/wp-content/uploads/happyaddons/css/ha-50.css?ver=3.22.0.1651246690
Reusing existing connection to pottersbargarage.co.uk:443.
HTTP request sent, awaiting response... 200 OK
Length: 1376 (1.3K) [text/css]
Saving to: ‘/Users/tarnewestcott/Development/pottersbargarage/legacy/pottersbargarage.co.uk/wp-content/uploads/happyaddons/css/ha-50.css?ver=3.22.0.1651246690.css’

     0K .                                                     100% 8.15M=0s

2026-06-23 19:44:20 (8.15 MB/s) - ‘/Users/tarnewestcott/Development/pottersbargarage/legacy/pottersbargarage.co.uk/wp-content/uploads/happyaddons/css/ha-50.css?ver=3.22.0.1651246690.css’ saved [1376/1376]

--2026-06-23 19:44:21--  https://pottersbargarage.co.uk/wp-content/themes/salient/css/salient-dynamic-styles.css?ver=5924
Reusing existing connection to pottersbargarage.co.uk:443.
HTTP request sent, awaiting response... 200 OK
Length: 101727 (99K) [text/css]
Saving to: ‘/Users/tarnewestcott/Development/pottersbargarage/legacy/pottersbargarage.co.uk/wp-content/themes/salient/css/salient-dynamic-styles.css?ver=5924.css’

     0K .......... .......... .......... .......... .......... 50%  872K 0s
    50K .......... .......... .......... .......... ......... 100% 2.23M=0.08s

2026-06-23 19:44:21 (1.23 MB/s) - ‘/Users/tarnewestcott/Development/pottersbargarage/legacy/pottersbargarage.co.uk/wp-content/themes/salient/css/salient-dynamic-styles.css?ver=5924.css’ saved [101727/101727]

--2026-06-23 19:44:21--  https://pottersbargarage.co.uk/wp-json/wp/v2/pages/378
Reusing existing connection to pottersbargarage.co.uk:443.
HTTP request sent, awaiting response... 200 OK
Length: unspecified [application/json]
Saving to: ‘/Users/tarnewestcott/Development/pottersbargarage/legacy/pottersbargarage.co.uk/wp-json/wp/v2/pages/378’

     0K .......... .......... .......                          37.4M=0.001s

Last-modified header missing -- time-stamps turned off.
2026-06-23 19:44:21 (37.4 MB/s) - ‘/Users/tarnewestcott/Development/pottersbargarage/legacy/pottersbargarage.co.uk/wp-json/wp/v2/pages/378’ saved [28225]

--2026-06-23 19:44:22--  https://pottersbargarage.co.uk/?p=378
Reusing existing connection to pottersbargarage.co.uk:443.
HTTP request sent, awaiting response... 301 Moved Permanently
Location: https://pottersbargarage.co.uk/batteries/ [following]
--2026-06-23 19:44:23--  https://pottersbargarage.co.uk/batteries/
Reusing existing connection to pottersbargarage.co.uk:443.
HTTP request sent, awaiting response... 200 OK
Length: unspecified [text/html]
Saving to: ‘/Users/tarnewestcott/Development/pottersbargarage/legacy/pottersbargarage.co.uk/index.html?p=378.tmp.html’

     0K .......... .......... .......... .......... ..........  935K
    50K .......... .......... .......... .......... .......... 1.78M
   100K .......... .......... .......... .......... .......... 9.81M
   150K .......... .......... .......... .......... .          16.2M=0.09s

Last-modified header missing -- time-stamps turned off.
2026-06-23 19:44:23 (2.12 MB/s) - ‘/Users/tarnewestcott/Development/pottersbargarage/legacy/pottersbargarage.co.uk/index.html?p=378.tmp.html’ saved [196364]

Removing /Users/tarnewestcott/Development/pottersbargarage/legacy/pottersbargarage.co.uk/index.html?p=378.tmp.html since it should be rejected.

--2026-06-23 19:44:24--  https://pottersbargarage.co.uk/wp-content/uploads/elementor/thumbs/5-2-pn09l7mvpabdbsp3txzf7r1pvkeu870h7kkoq7cmv8.png
Reusing existing connection to pottersbargarage.co.uk:443.
HTTP request sent, awaiting response... 304 Not Modified
File ‘/Users/tarnewestcott/Development/pottersbargarage/legacy/pottersbargarage.co.uk/wp-content/uploads/elementor/thumbs/5-2-pn09l7mvpabdbsp3txzf7r1pvkeu870h7kkoq7cmv8.png’ not modified on server. Omitting download.

--2026-06-23 19:44:24--  https://pottersbargarage.co.uk/wp-content/uploads/premium-addons-elementor/pafe-50.js?ver=1651246690
Reusing existing connection to pottersbargarage.co.uk:443.
HTTP request sent, awaiting response... 304 Not Modified
File ‘/Users/tarnewestcott/Development/pottersbargarage/legacy/pottersbargarage.co.uk/wp-content/uploads/premium-addons-elementor/pafe-50.js?ver=1651246690’ not modified on server. Omitting download.

--2026-06-23 19:44:25--  https://pottersbargarage.co.uk/wp-json/oembed/1.0/embed?url=https%3A%2F%2Fpottersbargarage.co.uk%2Fbodywork%2F
Reusing existing connection to pottersbargarage.co.uk:443.
HTTP request sent, awaiting response... 200 OK
Length: 2644 (2.6K) [application/json]
Saving to: ‘/Users/tarnewestcott/Development/pottersbargarage/legacy/pottersbargarage.co.uk/wp-json/oembed/1.0/embed?url=https:%2F%2Fpottersbargarage.co.uk%2Fbodywork%2F’

     0K ..                                                    100% 12.9M=0s

Last-modified header missing -- time-stamps turned off.
2026-06-23 19:44:25 (12.9 MB/s) - ‘/Users/tarnewestcott/Development/pottersbargarage/legacy/pottersbargarage.co.uk/wp-json/oembed/1.0/embed?url=https:%2F%2Fpottersbargarage.co.uk%2Fbodywork%2F’ saved [2644/2644]

--2026-06-23 19:44:26--  https://pottersbargarage.co.uk/wp-json/oembed/1.0/embed?url=https%3A%2F%2Fpottersbargarage.co.uk%2Fbodywork%2F&format=xml
Reusing existing connection to pottersbargarage.co.uk:443.
HTTP request sent, awaiting response... 200 OK
Length: 2794 (2.7K) [text/xml]
Saving to: ‘/Users/tarnewestcott/Development/pottersbargarage/legacy/pottersbargarage.co.uk/wp-json/oembed/1.0/embed?url=https:%2F%2Fpottersbargarage.co.uk%2Fbodywork%2F&format=xml’

     0K ..                                                    100% 15.9M=0s

Last-modified header missing -- time-stamps turned off.
2026-06-23 19:44:26 (15.9 MB/s) - ‘/Users/tarnewestcott/Development/pottersbargarage/legacy/pottersbargarage.co.uk/wp-json/oembed/1.0/embed?url=https:%2F%2Fpottersbargarage.co.uk%2Fbodywork%2F&format=xml’ saved [2794/2794]

--2026-06-23 19:44:27--  https://pottersbargarage.co.uk/wp-content/uploads/elementor/css/post-390.css?ver=1782235477
Reusing existing connection to pottersbargarage.co.uk:443.
HTTP request sent, awaiting response... 200 OK
Length: 9472 (9.2K) [text/css]
Saving to: ‘/Users/tarnewestcott/Development/pottersbargarage/legacy/pottersbargarage.co.uk/wp-content/uploads/elementor/css/post-390.css?ver=1782235477.css’

     0K .........                                             100% 1.10G=0s

2026-06-23 19:44:27 (1.10 GB/s) - ‘/Users/tarnewestcott/Development/pottersbargarage/legacy/pottersbargarage.co.uk/wp-content/uploads/elementor/css/post-390.css?ver=1782235477.css’ saved [9472/9472]

--2026-06-23 19:44:27--  https://pottersbargarage.co.uk/wp-content/uploads/premium-addons-elementor/pafe-50.css?ver=1651246725
Reusing existing connection to pottersbargarage.co.uk:443.
HTTP request sent, awaiting response... 200 OK
Length: 15755 (15K) [text/css]
Saving to: ‘/Users/tarnewestcott/Development/pottersbargarage/legacy/pottersbargarage.co.uk/wp-content/uploads/premium-addons-elementor/pafe-50.css?ver=1651246725.css’

     0K .......... .....                                      100%  673K=0.02s

2026-06-23 19:44:27 (673 KB/s) - ‘/Users/tarnewestcott/Development/pottersbargarage/legacy/pottersbargarage.co.uk/wp-content/uploads/premium-addons-elementor/pafe-50.css?ver=1651246725.css’ saved [15755/15755]

--2026-06-23 19:44:28--  https://pottersbargarage.co.uk/wp-content/uploads/happyaddons/css/ha-50.css?ver=3.22.0.1651246725
Reusing existing connection to pottersbargarage.co.uk:443.
HTTP request sent, awaiting response... 200 OK
Length: 1376 (1.3K) [text/css]
Saving to: ‘/Users/tarnewestcott/Development/pottersbargarage/legacy/pottersbargarage.co.uk/wp-content/uploads/happyaddons/css/ha-50.css?ver=3.22.0.1651246725.css’

     0K .                                                     100%  187M=0s

2026-06-23 19:44:28 (187 MB/s) - ‘/Users/tarnewestcott/Development/pottersbargarage/legacy/pottersbargarage.co.uk/wp-content/uploads/happyaddons/css/ha-50.css?ver=3.22.0.1651246725.css’ saved [1376/1376]

--2026-06-23 19:44:28--  https://pottersbargarage.co.uk/wp-content/themes/salient/css/salient-dynamic-styles.css?ver=95988
Reusing existing connection to pottersbargarage.co.uk:443.
HTTP request sent, awaiting response... 200 OK
Length: 101727 (99K) [text/css]
Saving to: ‘/Users/tarnewestcott/Development/pottersbargarage/legacy/pottersbargarage.co.uk/wp-content/themes/salient/css/salient-dynamic-styles.css?ver=95988.css’

     0K .......... .......... .......... .......... .......... 50%  928K 0s
    50K .......... .......... .......... .......... ......... 100% 1.91M=0.08s

2026-06-23 19:44:29 (1.23 MB/s) - ‘/Users/tarnewestcott/Development/pottersbargarage/legacy/pottersbargarage.co.uk/wp-content/themes/salient/css/salient-dynamic-styles.css?ver=95988.css’ saved [101727/101727]

--2026-06-23 19:44:29--  https://pottersbargarage.co.uk/wp-json/wp/v2/pages/390
Reusing existing connection to pottersbargarage.co.uk:443.
HTTP request sent, awaiting response... 200 OK
Length: unspecified [application/json]
Saving to: ‘/Users/tarnewestcott/Development/pottersbargarage/legacy/pottersbargarage.co.uk/wp-json/wp/v2/pages/390’

     0K .......... .......... .......                          1.33M=0.02s

Last-modified header missing -- time-stamps turned off.
2026-06-23 19:44:29 (1.33 MB/s) - ‘/Users/tarnewestcott/Development/pottersbargarage/legacy/pottersbargarage.co.uk/wp-json/wp/v2/pages/390’ saved [28626]

--2026-06-23 19:44:30--  https://pottersbargarage.co.uk/?p=390
Reusing existing connection to pottersbargarage.co.uk:443.
HTTP request sent, awaiting response... 301 Moved Permanently
Location: https://pottersbargarage.co.uk/bodywork/ [following]
--2026-06-23 19:44:31--  https://pottersbargarage.co.uk/bodywork/
Reusing existing connection to pottersbargarage.co.uk:443.
HTTP request sent, awaiting response... 200 OK
Length: unspecified [text/html]
Saving to: ‘/Users/tarnewestcott/Development/pottersbargarage/legacy/pottersbargarage.co.uk/index.html?p=390.tmp.html’

     0K .......... .......... .......... .......... ..........  843K
    50K .......... .......... .......... .......... .......... 2.67M
   100K .......... .......... .......... .......... .......... 6.53M
   150K .......... .......... .......... .......... .          5.60M=0.09s

Last-modified header missing -- time-stamps turned off.
2026-06-23 19:44:32 (2.03 MB/s) - ‘/Users/tarnewestcott/Development/pottersbargarage/legacy/pottersbargarage.co.uk/index.html?p=390.tmp.html’ saved [196567]

Removing /Users/tarnewestcott/Development/pottersbargarage/legacy/pottersbargarage.co.uk/index.html?p=390.tmp.html since it should be rejected.

--2026-06-23 19:44:32--  https://pottersbargarage.co.uk/wp-content/uploads/elementor/thumbs/updated-1-pn09lrdhot2e3lwfmoil642ecnpjpu6uaa9vt0jd8k.png
Reusing existing connection to pottersbargarage.co.uk:443.
HTTP request sent, awaiting response... 304 Not Modified
File ‘/Users/tarnewestcott/Development/pottersbargarage/legacy/pottersbargarage.co.uk/wp-content/uploads/elementor/thumbs/updated-1-pn09lrdhot2e3lwfmoil642ecnpjpu6uaa9vt0jd8k.png’ not modified on server. Omitting download.

--2026-06-23 19:44:32--  https://pottersbargarage.co.uk/wp-content/uploads/premium-addons-elementor/pafe-50.js?ver=1651246725
Reusing existing connection to pottersbargarage.co.uk:443.
HTTP request sent, awaiting response... 304 Not Modified
File ‘/Users/tarnewestcott/Development/pottersbargarage/legacy/pottersbargarage.co.uk/wp-content/uploads/premium-addons-elementor/pafe-50.js?ver=1651246725’ not modified on server. Omitting download.

--2026-06-23 19:44:33--  https://pottersbargarage.co.uk/wp-json/oembed/1.0/embed?url=https%3A%2F%2Fpottersbargarage.co.uk%2Fdiagnostics%2F
Reusing existing connection to pottersbargarage.co.uk:443.
HTTP request sent, awaiting response... 200 OK
Length: 2778 (2.7K) [application/json]
Saving to: ‘/Users/tarnewestcott/Development/pottersbargarage/legacy/pottersbargarage.co.uk/wp-json/oembed/1.0/embed?url=https:%2F%2Fpottersbargarage.co.uk%2Fdiagnostics%2F’

     0K ..                                                    100% 16.9M=0s

Last-modified header missing -- time-stamps turned off.
2026-06-23 19:44:33 (16.9 MB/s) - ‘/Users/tarnewestcott/Development/pottersbargarage/legacy/pottersbargarage.co.uk/wp-json/oembed/1.0/embed?url=https:%2F%2Fpottersbargarage.co.uk%2Fdiagnostics%2F’ saved [2778/2778]

--2026-06-23 19:44:33--  https://pottersbargarage.co.uk/wp-json/oembed/1.0/embed?url=https%3A%2F%2Fpottersbargarage.co.uk%2Fdiagnostics%2F&format=xml
Reusing existing connection to pottersbargarage.co.uk:443.
HTTP request sent, awaiting response... 200 OK
Length: 2928 (2.9K) [text/xml]
Saving to: ‘/Users/tarnewestcott/Development/pottersbargarage/legacy/pottersbargarage.co.uk/wp-json/oembed/1.0/embed?url=https:%2F%2Fpottersbargarage.co.uk%2Fdiagnostics%2F&format=xml’

     0K ..                                                    100%  279M=0s

Last-modified header missing -- time-stamps turned off.
2026-06-23 19:44:34 (279 MB/s) - ‘/Users/tarnewestcott/Development/pottersbargarage/legacy/pottersbargarage.co.uk/wp-json/oembed/1.0/embed?url=https:%2F%2Fpottersbargarage.co.uk%2Fdiagnostics%2F&format=xml’ saved [2928/2928]

--2026-06-23 19:44:34--  https://pottersbargarage.co.uk/wp-content/uploads/elementor/css/post-368.css?ver=1782235481
Reusing existing connection to pottersbargarage.co.uk:443.
HTTP request sent, awaiting response... 200 OK
Length: 9472 (9.2K) [text/css]
Saving to: ‘/Users/tarnewestcott/Development/pottersbargarage/legacy/pottersbargarage.co.uk/wp-content/uploads/elementor/css/post-368.css?ver=1782235481.css’

     0K .........                                             100% 26.0M=0s

2026-06-23 19:44:34 (26.0 MB/s) - ‘/Users/tarnewestcott/Development/pottersbargarage/legacy/pottersbargarage.co.uk/wp-content/uploads/elementor/css/post-368.css?ver=1782235481.css’ saved [9472/9472]

--2026-06-23 19:44:34--  https://pottersbargarage.co.uk/wp-content/uploads/premium-addons-elementor/pafe-50.css?ver=1651246761
Reusing existing connection to pottersbargarage.co.uk:443.
HTTP request sent, awaiting response... 200 OK
Length: 15755 (15K) [text/css]
Saving to: ‘/Users/tarnewestcott/Development/pottersbargarage/legacy/pottersbargarage.co.uk/wp-content/uploads/premium-addons-elementor/pafe-50.css?ver=1651246761.css’

     0K .......... .....                                      100% 1.63G=0s

2026-06-23 19:44:35 (1.63 GB/s) - ‘/Users/tarnewestcott/Development/pottersbargarage/legacy/pottersbargarage.co.uk/wp-content/uploads/premium-addons-elementor/pafe-50.css?ver=1651246761.css’ saved [15755/15755]

--2026-06-23 19:44:35--  https://pottersbargarage.co.uk/wp-content/uploads/happyaddons/css/ha-50.css?ver=3.22.0.1651246761
Reusing existing connection to pottersbargarage.co.uk:443.
HTTP request sent, awaiting response... 200 OK
Length: 1376 (1.3K) [text/css]
Saving to: ‘/Users/tarnewestcott/Development/pottersbargarage/legacy/pottersbargarage.co.uk/wp-content/uploads/happyaddons/css/ha-50.css?ver=3.22.0.1651246761.css’

     0K .                                                     100% 4.45M=0s

2026-06-23 19:44:35 (4.45 MB/s) - ‘/Users/tarnewestcott/Development/pottersbargarage/legacy/pottersbargarage.co.uk/wp-content/uploads/happyaddons/css/ha-50.css?ver=3.22.0.1651246761.css’ saved [1376/1376]

--2026-06-23 19:44:36--  https://pottersbargarage.co.uk/wp-content/themes/salient/css/salient-dynamic-styles.css?ver=32299
Reusing existing connection to pottersbargarage.co.uk:443.
HTTP request sent, awaiting response... 200 OK
Length: 101727 (99K) [text/css]
Saving to: ‘/Users/tarnewestcott/Development/pottersbargarage/legacy/pottersbargarage.co.uk/wp-content/themes/salient/css/salient-dynamic-styles.css?ver=32299.css’

     0K .......... .......... .......... .......... .......... 50%  894K 0s
    50K .......... .......... .......... .......... ......... 100% 2.24M=0.08s

2026-06-23 19:44:36 (1.25 MB/s) - ‘/Users/tarnewestcott/Development/pottersbargarage/legacy/pottersbargarage.co.uk/wp-content/themes/salient/css/salient-dynamic-styles.css?ver=32299.css’ saved [101727/101727]

--2026-06-23 19:44:36--  https://pottersbargarage.co.uk/wp-json/wp/v2/pages/368
Reusing existing connection to pottersbargarage.co.uk:443.
HTTP request sent, awaiting response... 200 OK
Length: unspecified [application/json]
Saving to: ‘/Users/tarnewestcott/Development/pottersbargarage/legacy/pottersbargarage.co.uk/wp-json/wp/v2/pages/368’

     0K .......... .......... ........                         1.78M=0.02s

Last-modified header missing -- time-stamps turned off.
2026-06-23 19:44:36 (1.78 MB/s) - ‘/Users/tarnewestcott/Development/pottersbargarage/legacy/pottersbargarage.co.uk/wp-json/wp/v2/pages/368’ saved [29272]

--2026-06-23 19:44:37--  https://pottersbargarage.co.uk/?p=368
Reusing existing connection to pottersbargarage.co.uk:443.
HTTP request sent, awaiting response... 301 Moved Permanently
Location: https://pottersbargarage.co.uk/diagnostics/ [following]
--2026-06-23 19:44:38--  https://pottersbargarage.co.uk/diagnostics/
Reusing existing connection to pottersbargarage.co.uk:443.
HTTP request sent, awaiting response... 200 OK
Length: unspecified [text/html]
Saving to: ‘/Users/tarnewestcott/Development/pottersbargarage/legacy/pottersbargarage.co.uk/index.html?p=368.tmp.html’

     0K .......... .......... .......... .......... ..........  901K
    50K .......... .......... .......... .......... .......... 2.15M
   100K .......... .......... .......... .......... .......... 7.64M
   150K .......... .......... .......... .......... ..         13.1M=0.09s

Last-modified header missing -- time-stamps turned off.
2026-06-23 19:44:38 (2.14 MB/s) - ‘/Users/tarnewestcott/Development/pottersbargarage/legacy/pottersbargarage.co.uk/index.html?p=368.tmp.html’ saved [196801]

Removing /Users/tarnewestcott/Development/pottersbargarage/legacy/pottersbargarage.co.uk/index.html?p=368.tmp.html since it should be rejected.

--2026-06-23 19:44:39--  https://pottersbargarage.co.uk/wp-content/uploads/elementor/thumbs/maxim-hopman-s4d_ESS0ylA-unsplash-1-pmx7jychybnhbin8so2aaczu80y5kf3d95xhwkqx1g.jpg
Reusing existing connection to pottersbargarage.co.uk:443.
HTTP request sent, awaiting response... 304 Not Modified
File ‘/Users/tarnewestcott/Development/pottersbargarage/legacy/pottersbargarage.co.uk/wp-content/uploads/elementor/thumbs/maxim-hopman-s4d_ESS0ylA-unsplash-1-pmx7jychybnhbin8so2aaczu80y5kf3d95xhwkqx1g.jpg’ not modified on server. Omitting download.

--2026-06-23 19:44:40--  https://pottersbargarage.co.uk/wp-content/uploads/premium-addons-elementor/pafe-50.js?ver=1651246761
Reusing existing connection to pottersbargarage.co.uk:443.
HTTP request sent, awaiting response... 304 Not Modified
File ‘/Users/tarnewestcott/Development/pottersbargarage/legacy/pottersbargarage.co.uk/wp-content/uploads/premium-addons-elementor/pafe-50.js?ver=1651246761’ not modified on server. Omitting download.

--2026-06-23 19:44:40--  https://pottersbargarage.co.uk/wp-json/oembed/1.0/embed?url=https%3A%2F%2Fpottersbargarage.co.uk%2Felectric-hybrid%2F
Reusing existing connection to pottersbargarage.co.uk:443.
HTTP request sent, awaiting response... 200 OK
Length: 2750 (2.7K) [application/json]
Saving to: ‘/Users/tarnewestcott/Development/pottersbargarage/legacy/pottersbargarage.co.uk/wp-json/oembed/1.0/embed?url=https:%2F%2Fpottersbargarage.co.uk%2Felectric-hybrid%2F’

     0K ..                                                    100% 19.1M=0s

Last-modified header missing -- time-stamps turned off.
2026-06-23 19:44:41 (19.1 MB/s) - ‘/Users/tarnewestcott/Development/pottersbargarage/legacy/pottersbargarage.co.uk/wp-json/oembed/1.0/embed?url=https:%2F%2Fpottersbargarage.co.uk%2Felectric-hybrid%2F’ saved [2750/2750]

--2026-06-23 19:44:41--  https://pottersbargarage.co.uk/wp-json/oembed/1.0/embed?url=https%3A%2F%2Fpottersbargarage.co.uk%2Felectric-hybrid%2F&format=xml
Reusing existing connection to pottersbargarage.co.uk:443.
HTTP request sent, awaiting response... 200 OK
Length: 2906 (2.8K) [text/xml]
Saving to: ‘/Users/tarnewestcott/Development/pottersbargarage/legacy/pottersbargarage.co.uk/wp-json/oembed/1.0/embed?url=https:%2F%2Fpottersbargarage.co.uk%2Felectric-hybrid%2F&format=xml’

     0K ..                                                    100% 17.5M=0s

Last-modified header missing -- time-stamps turned off.
2026-06-23 19:44:41 (17.5 MB/s) - ‘/Users/tarnewestcott/Development/pottersbargarage/legacy/pottersbargarage.co.uk/wp-json/oembed/1.0/embed?url=https:%2F%2Fpottersbargarage.co.uk%2Felectric-hybrid%2F&format=xml’ saved [2906/2906]

--2026-06-23 19:44:42--  https://pottersbargarage.co.uk/wp-content/uploads/elementor/css/post-397.css?ver=1782235482
Reusing existing connection to pottersbargarage.co.uk:443.
HTTP request sent, awaiting response... 200 OK
Length: 9472 (9.2K) [text/css]
Saving to: ‘/Users/tarnewestcott/Development/pottersbargarage/legacy/pottersbargarage.co.uk/wp-content/uploads/elementor/css/post-397.css?ver=1782235482.css’

     0K .........                                             100% 41.8M=0s

2026-06-23 19:44:42 (41.8 MB/s) - ‘/Users/tarnewestcott/Development/pottersbargarage/legacy/pottersbargarage.co.uk/wp-content/uploads/elementor/css/post-397.css?ver=1782235482.css’ saved [9472/9472]

--2026-06-23 19:44:43--  https://pottersbargarage.co.uk/wp-content/uploads/premium-addons-elementor/pafe-50.css?ver=1651246797
Reusing existing connection to pottersbargarage.co.uk:443.
HTTP request sent, awaiting response... 200 OK
Length: 15755 (15K) [text/css]
Saving to: ‘/Users/tarnewestcott/Development/pottersbargarage/legacy/pottersbargarage.co.uk/wp-content/uploads/premium-addons-elementor/pafe-50.css?ver=1651246797.css’

     0K .......... .....                                      100%  545K=0.03s

2026-06-23 19:44:43 (545 KB/s) - ‘/Users/tarnewestcott/Development/pottersbargarage/legacy/pottersbargarage.co.uk/wp-content/uploads/premium-addons-elementor/pafe-50.css?ver=1651246797.css’ saved [15755/15755]

--2026-06-23 19:44:43--  https://pottersbargarage.co.uk/wp-content/uploads/happyaddons/css/ha-50.css?ver=3.22.0.1651246797
Reusing existing connection to pottersbargarage.co.uk:443.
HTTP request sent, awaiting response... 200 OK
Length: 1376 (1.3K) [text/css]
Saving to: ‘/Users/tarnewestcott/Development/pottersbargarage/legacy/pottersbargarage.co.uk/wp-content/uploads/happyaddons/css/ha-50.css?ver=3.22.0.1651246797.css’

     0K .                                                     100%  164M=0s

2026-06-23 19:44:43 (164 MB/s) - ‘/Users/tarnewestcott/Development/pottersbargarage/legacy/pottersbargarage.co.uk/wp-content/uploads/happyaddons/css/ha-50.css?ver=3.22.0.1651246797.css’ saved [1376/1376]

--2026-06-23 19:44:44--  https://pottersbargarage.co.uk/wp-content/themes/salient/css/salient-dynamic-styles.css?ver=83168
Reusing existing connection to pottersbargarage.co.uk:443.
HTTP request sent, awaiting response... 200 OK
Length: 101727 (99K) [text/css]
Saving to: ‘/Users/tarnewestcott/Development/pottersbargarage/legacy/pottersbargarage.co.uk/wp-content/themes/salient/css/salient-dynamic-styles.css?ver=83168.css’

     0K .......... .......... .......... .......... .......... 50%  824K 0s
    50K .......... .......... .......... .......... ......... 100% 3.13M=0.08s

2026-06-23 19:44:44 (1.27 MB/s) - ‘/Users/tarnewestcott/Development/pottersbargarage/legacy/pottersbargarage.co.uk/wp-content/themes/salient/css/salient-dynamic-styles.css?ver=83168.css’ saved [101727/101727]

--2026-06-23 19:44:45--  https://pottersbargarage.co.uk/wp-json/wp/v2/pages/397
Reusing existing connection to pottersbargarage.co.uk:443.
HTTP request sent, awaiting response... 200 OK
Length: unspecified [application/json]
Saving to: ‘/Users/tarnewestcott/Development/pottersbargarage/legacy/pottersbargarage.co.uk/wp-json/wp/v2/pages/397’

     0K .......... .......... ........                         1.74M=0.02s

Last-modified header missing -- time-stamps turned off.
2026-06-23 19:44:45 (1.74 MB/s) - ‘/Users/tarnewestcott/Development/pottersbargarage/legacy/pottersbargarage.co.uk/wp-json/wp/v2/pages/397’ saved [29236]

--2026-06-23 19:44:46--  https://pottersbargarage.co.uk/?p=397
Reusing existing connection to pottersbargarage.co.uk:443.
HTTP request sent, awaiting response... 301 Moved Permanently
Location: https://pottersbargarage.co.uk/electric-hybrid/ [following]
--2026-06-23 19:44:46--  https://pottersbargarage.co.uk/electric-hybrid/
Reusing existing connection to pottersbargarage.co.uk:443.
HTTP request sent, awaiting response... 200 OK
Length: unspecified [text/html]
Saving to: ‘/Users/tarnewestcott/Development/pottersbargarage/legacy/pottersbargarage.co.uk/index.html?p=397.tmp.html’

     0K .......... .......... .......... .......... .......... 1.91M
    50K .......... .......... .......... .......... .......... 1.93M
   100K .......... .......... .......... .......... .......... 8.92M
   150K .......... .......... .......... .......... ..         10.6M=0.06s

Last-modified header missing -- time-stamps turned off.
2026-06-23 19:44:47 (3.12 MB/s) - ‘/Users/tarnewestcott/Development/pottersbargarage/legacy/pottersbargarage.co.uk/index.html?p=397.tmp.html’ saved [196913]

Removing /Users/tarnewestcott/Development/pottersbargarage/legacy/pottersbargarage.co.uk/index.html?p=397.tmp.html since it should be rejected.

--2026-06-23 19:44:47--  https://pottersbargarage.co.uk/wp-content/uploads/elementor/thumbs/chuttersnap-xJLsHl0hIik-unsplash-1-pn0btjw9uiannxzxp66gtz71q6f94uyjx7xqem891g.jpg
Reusing existing connection to pottersbargarage.co.uk:443.
HTTP request sent, awaiting response... 304 Not Modified
File ‘/Users/tarnewestcott/Development/pottersbargarage/legacy/pottersbargarage.co.uk/wp-content/uploads/elementor/thumbs/chuttersnap-xJLsHl0hIik-unsplash-1-pn0btjw9uiannxzxp66gtz71q6f94uyjx7xqem891g.jpg’ not modified on server. Omitting download.

--2026-06-23 19:44:48--  https://pottersbargarage.co.uk/wp-content/uploads/premium-addons-elementor/pafe-50.js?ver=1651246797
Reusing existing connection to pottersbargarage.co.uk:443.
HTTP request sent, awaiting response... 304 Not Modified
File ‘/Users/tarnewestcott/Development/pottersbargarage/legacy/pottersbargarage.co.uk/wp-content/uploads/premium-addons-elementor/pafe-50.js?ver=1651246797’ not modified on server. Omitting download.

--2026-06-23 19:44:48--  https://pottersbargarage.co.uk/wp-json/oembed/1.0/embed?url=https%3A%2F%2Fpottersbargarage.co.uk%2Fexhausts%2F
Reusing existing connection to pottersbargarage.co.uk:443.
HTTP request sent, awaiting response... 200 OK
Length: 2595 (2.5K) [application/json]
Saving to: ‘/Users/tarnewestcott/Development/pottersbargarage/legacy/pottersbargarage.co.uk/wp-json/oembed/1.0/embed?url=https:%2F%2Fpottersbargarage.co.uk%2Fexhausts%2F’

     0K ..                                                    100%  190M=0s

Last-modified header missing -- time-stamps turned off.
2026-06-23 19:44:49 (190 MB/s) - ‘/Users/tarnewestcott/Development/pottersbargarage/legacy/pottersbargarage.co.uk/wp-json/oembed/1.0/embed?url=https:%2F%2Fpottersbargarage.co.uk%2Fexhausts%2F’ saved [2595/2595]

--2026-06-23 19:44:49--  https://pottersbargarage.co.uk/wp-json/oembed/1.0/embed?url=https%3A%2F%2Fpottersbargarage.co.uk%2Fexhausts%2F&format=xml
Reusing existing connection to pottersbargarage.co.uk:443.
HTTP request sent, awaiting response... 200 OK
Length: 2745 (2.7K) [text/xml]
Saving to: ‘/Users/tarnewestcott/Development/pottersbargarage/legacy/pottersbargarage.co.uk/wp-json/oembed/1.0/embed?url=https:%2F%2Fpottersbargarage.co.uk%2Fexhausts%2F&format=xml’

     0K ..                                                    100% 15.6M=0s

Last-modified header missing -- time-stamps turned off.
2026-06-23 19:44:49 (15.6 MB/s) - ‘/Users/tarnewestcott/Development/pottersbargarage/legacy/pottersbargarage.co.uk/wp-json/oembed/1.0/embed?url=https:%2F%2Fpottersbargarage.co.uk%2Fexhausts%2F&format=xml’ saved [2745/2745]

--2026-06-23 19:44:50--  https://pottersbargarage.co.uk/wp-content/uploads/elementor/css/post-373.css?ver=1782235484
Reusing existing connection to pottersbargarage.co.uk:443.
HTTP request sent, awaiting response... 200 OK
Length: 9472 (9.2K) [text/css]
Saving to: ‘/Users/tarnewestcott/Development/pottersbargarage/legacy/pottersbargarage.co.uk/wp-content/uploads/elementor/css/post-373.css?ver=1782235484.css’

     0K .........                                             100%  821M=0s

2026-06-23 19:44:50 (821 MB/s) - ‘/Users/tarnewestcott/Development/pottersbargarage/legacy/pottersbargarage.co.uk/wp-content/uploads/elementor/css/post-373.css?ver=1782235484.css’ saved [9472/9472]

--2026-06-23 19:44:50--  https://pottersbargarage.co.uk/wp-content/uploads/premium-addons-elementor/pafe-50.css?ver=1651246859
Reusing existing connection to pottersbargarage.co.uk:443.
HTTP request sent, awaiting response... 200 OK
Length: 15755 (15K) [text/css]
Saving to: ‘/Users/tarnewestcott/Development/pottersbargarage/legacy/pottersbargarage.co.uk/wp-content/uploads/premium-addons-elementor/pafe-50.css?ver=1651246859.css’

     0K .......... .....                                      100%  673K=0.02s

2026-06-23 19:44:50 (673 KB/s) - ‘/Users/tarnewestcott/Development/pottersbargarage/legacy/pottersbargarage.co.uk/wp-content/uploads/premium-addons-elementor/pafe-50.css?ver=1651246859.css’ saved [15755/15755]

--2026-06-23 19:44:51--  https://pottersbargarage.co.uk/wp-content/uploads/happyaddons/css/ha-50.css?ver=3.22.0.1651246859
Reusing existing connection to pottersbargarage.co.uk:443.
HTTP request sent, awaiting response... 200 OK
Length: 1376 (1.3K) [text/css]
Saving to: ‘/Users/tarnewestcott/Development/pottersbargarage/legacy/pottersbargarage.co.uk/wp-content/uploads/happyaddons/css/ha-50.css?ver=3.22.0.1651246859.css’

     0K .                                                     100% 5.33M=0s

2026-06-23 19:44:51 (5.33 MB/s) - ‘/Users/tarnewestcott/Development/pottersbargarage/legacy/pottersbargarage.co.uk/wp-content/uploads/happyaddons/css/ha-50.css?ver=3.22.0.1651246859.css’ saved [1376/1376]

--2026-06-23 19:44:52--  https://pottersbargarage.co.uk/wp-content/themes/salient/css/salient-dynamic-styles.css?ver=38169
Reusing existing connection to pottersbargarage.co.uk:443.
HTTP request sent, awaiting response... 200 OK
Length: 101727 (99K) [text/css]
Saving to: ‘/Users/tarnewestcott/Development/pottersbargarage/legacy/pottersbargarage.co.uk/wp-content/themes/salient/css/salient-dynamic-styles.css?ver=38169.css’

     0K .......... .......... .......... .......... .......... 50%  885K 0s
    50K .......... .......... .......... .......... ......... 100% 2.24M=0.08s

2026-06-23 19:44:52 (1.24 MB/s) - ‘/Users/tarnewestcott/Development/pottersbargarage/legacy/pottersbargarage.co.uk/wp-content/themes/salient/css/salient-dynamic-styles.css?ver=38169.css’ saved [101727/101727]

--2026-06-23 19:44:52--  https://pottersbargarage.co.uk/wp-json/wp/v2/pages/373
Reusing existing connection to pottersbargarage.co.uk:443.
HTTP request sent, awaiting response... 200 OK
Length: unspecified [application/json]
Saving to: ‘/Users/tarnewestcott/Development/pottersbargarage/legacy/pottersbargarage.co.uk/wp-json/wp/v2/pages/373’

     0K .......... .......... .......                          43.9M=0.001s

Last-modified header missing -- time-stamps turned off.
2026-06-23 19:44:53 (43.9 MB/s) - ‘/Users/tarnewestcott/Development/pottersbargarage/legacy/pottersbargarage.co.uk/wp-json/wp/v2/pages/373’ saved [28329]

--2026-06-23 19:44:53--  https://pottersbargarage.co.uk/?p=373
Reusing existing connection to pottersbargarage.co.uk:443.
HTTP request sent, awaiting response... 301 Moved Permanently
Location: https://pottersbargarage.co.uk/exhausts/ [following]
--2026-06-23 19:44:54--  https://pottersbargarage.co.uk/exhausts/
Reusing existing connection to pottersbargarage.co.uk:443.
HTTP request sent, awaiting response... 200 OK
Length: unspecified [text/html]
Saving to: ‘/Users/tarnewestcott/Development/pottersbargarage/legacy/pottersbargarage.co.uk/index.html?p=373.tmp.html’

     0K .......... .......... .......... .......... ..........  938K
    50K .......... .......... .......... .......... .......... 1.92M
   100K .......... .......... .......... .......... .......... 9.64M
   150K .......... .......... .......... .......... .          2.04M=0.1s

Last-modified header missing -- time-stamps turned off.
2026-06-23 19:44:54 (1.80 MB/s) - ‘/Users/tarnewestcott/Development/pottersbargarage/legacy/pottersbargarage.co.uk/index.html?p=373.tmp.html’ saved [196397]

Removing /Users/tarnewestcott/Development/pottersbargarage/legacy/pottersbargarage.co.uk/index.html?p=373.tmp.html since it should be rejected.

--2026-06-23 19:44:55--  https://pottersbargarage.co.uk/wp-content/uploads/elementor/thumbs/8-1-pn09lbe8gmgim8jn7zlxhq3k93wb2zfek36mnb726c.png
Reusing existing connection to pottersbargarage.co.uk:443.
HTTP request sent, awaiting response... 304 Not Modified
File ‘/Users/tarnewestcott/Development/pottersbargarage/legacy/pottersbargarage.co.uk/wp-content/uploads/elementor/thumbs/8-1-pn09lbe8gmgim8jn7zlxhq3k93wb2zfek36mnb726c.png’ not modified on server. Omitting download.

--2026-06-23 19:44:55--  https://pottersbargarage.co.uk/wp-content/uploads/premium-addons-elementor/pafe-50.js?ver=1651246859
Reusing existing connection to pottersbargarage.co.uk:443.
HTTP request sent, awaiting response... 304 Not Modified
File ‘/Users/tarnewestcott/Development/pottersbargarage/legacy/pottersbargarage.co.uk/wp-content/uploads/premium-addons-elementor/pafe-50.js?ver=1651246859’ not modified on server. Omitting download.

--2026-06-23 19:44:56--  https://pottersbargarage.co.uk/wp-json/oembed/1.0/embed?url=https%3A%2F%2Fpottersbargarage.co.uk%2Fmot%2F
Reusing existing connection to pottersbargarage.co.uk:443.
HTTP request sent, awaiting response... 200 OK
Length: 2598 (2.5K) [application/json]
Saving to: ‘/Users/tarnewestcott/Development/pottersbargarage/legacy/pottersbargarage.co.uk/wp-json/oembed/1.0/embed?url=https:%2F%2Fpottersbargarage.co.uk%2Fmot%2F’

     0K ..                                                    100% 12.4M=0s

Last-modified header missing -- time-stamps turned off.
2026-06-23 19:44:56 (12.4 MB/s) - ‘/Users/tarnewestcott/Development/pottersbargarage/legacy/pottersbargarage.co.uk/wp-json/oembed/1.0/embed?url=https:%2F%2Fpottersbargarage.co.uk%2Fmot%2F’ saved [2598/2598]

--2026-06-23 19:44:57--  https://pottersbargarage.co.uk/wp-json/oembed/1.0/embed?url=https%3A%2F%2Fpottersbargarage.co.uk%2Fmot%2F&format=xml
Reusing existing connection to pottersbargarage.co.uk:443.
HTTP request sent, awaiting response... 200 OK
Length: 2748 (2.7K) [text/xml]
Saving to: ‘/Users/tarnewestcott/Development/pottersbargarage/legacy/pottersbargarage.co.uk/wp-json/oembed/1.0/embed?url=https:%2F%2Fpottersbargarage.co.uk%2Fmot%2F&format=xml’

     0K ..                                                    100% 15.8M=0s

Last-modified header missing -- time-stamps turned off.
2026-06-23 19:44:57 (15.8 MB/s) - ‘/Users/tarnewestcott/Development/pottersbargarage/legacy/pottersbargarage.co.uk/wp-json/oembed/1.0/embed?url=https:%2F%2Fpottersbargarage.co.uk%2Fmot%2F&format=xml’ saved [2748/2748]

--2026-06-23 19:44:57--  https://pottersbargarage.co.uk/wp-content/uploads/elementor/css/post-361.css?ver=1782235485
Reusing existing connection to pottersbargarage.co.uk:443.
HTTP request sent, awaiting response... 200 OK
Length: 9472 (9.2K) [text/css]
Saving to: ‘/Users/tarnewestcott/Development/pottersbargarage/legacy/pottersbargarage.co.uk/wp-content/uploads/elementor/css/post-361.css?ver=1782235485.css’

     0K .........                                             100% 1004M=0s

2026-06-23 19:44:57 (1004 MB/s) - ‘/Users/tarnewestcott/Development/pottersbargarage/legacy/pottersbargarage.co.uk/wp-content/uploads/elementor/css/post-361.css?ver=1782235485.css’ saved [9472/9472]

--2026-06-23 19:44:58--  https://pottersbargarage.co.uk/wp-content/uploads/premium-addons-elementor/pafe-50.css?ver=1651247064
Reusing existing connection to pottersbargarage.co.uk:443.
HTTP request sent, awaiting response... 200 OK
Length: 15755 (15K) [text/css]
Saving to: ‘/Users/tarnewestcott/Development/pottersbargarage/legacy/pottersbargarage.co.uk/wp-content/uploads/premium-addons-elementor/pafe-50.css?ver=1651247064.css’

     0K .......... .....                                      100%  691K=0.02s

2026-06-23 19:44:58 (691 KB/s) - ‘/Users/tarnewestcott/Development/pottersbargarage/legacy/pottersbargarage.co.uk/wp-content/uploads/premium-addons-elementor/pafe-50.css?ver=1651247064.css’ saved [15755/15755]

--2026-06-23 19:44:59--  https://pottersbargarage.co.uk/wp-content/uploads/happyaddons/css/ha-50.css?ver=3.22.0.1651247064
Reusing existing connection to pottersbargarage.co.uk:443.
HTTP request sent, awaiting response... 200 OK
Length: 1376 (1.3K) [text/css]
Saving to: ‘/Users/tarnewestcott/Development/pottersbargarage/legacy/pottersbargarage.co.uk/wp-content/uploads/happyaddons/css/ha-50.css?ver=3.22.0.1651247064.css’

     0K .                                                     100%  187M=0s

2026-06-23 19:44:59 (187 MB/s) - ‘/Users/tarnewestcott/Development/pottersbargarage/legacy/pottersbargarage.co.uk/wp-content/uploads/happyaddons/css/ha-50.css?ver=3.22.0.1651247064.css’ saved [1376/1376]

--2026-06-23 19:44:59--  https://pottersbargarage.co.uk/wp-content/themes/salient/css/salient-dynamic-styles.css?ver=54405
Reusing existing connection to pottersbargarage.co.uk:443.
HTTP request sent, awaiting response... 200 OK
Length: 101727 (99K) [text/css]
Saving to: ‘/Users/tarnewestcott/Development/pottersbargarage/legacy/pottersbargarage.co.uk/wp-content/themes/salient/css/salient-dynamic-styles.css?ver=54405.css’

     0K .......... .......... .......... .......... .......... 50%  915K 0s
    50K .......... .......... .......... .......... ......... 100% 2.26M=0.08s

2026-06-23 19:44:59 (1.28 MB/s) - ‘/Users/tarnewestcott/Development/pottersbargarage/legacy/pottersbargarage.co.uk/wp-content/themes/salient/css/salient-dynamic-styles.css?ver=54405.css’ saved [101727/101727]

--2026-06-23 19:45:00--  https://pottersbargarage.co.uk/wp-json/wp/v2/pages/361
Reusing existing connection to pottersbargarage.co.uk:443.
HTTP request sent, awaiting response... 200 OK
Length: unspecified [application/json]
Saving to: ‘/Users/tarnewestcott/Development/pottersbargarage/legacy/pottersbargarage.co.uk/wp-json/wp/v2/pages/361’

     0K .......... .......... .......                          36.4M=0.001s

Last-modified header missing -- time-stamps turned off.
2026-06-23 19:45:00 (36.4 MB/s) - ‘/Users/tarnewestcott/Development/pottersbargarage/legacy/pottersbargarage.co.uk/wp-json/wp/v2/pages/361’ saved [28317]

--2026-06-23 19:45:00--  https://pottersbargarage.co.uk/?p=361
Reusing existing connection to pottersbargarage.co.uk:443.
HTTP request sent, awaiting response... 301 Moved Permanently
Location: https://pottersbargarage.co.uk/mot/ [following]
--2026-06-23 19:45:01--  https://pottersbargarage.co.uk/mot/
Reusing existing connection to pottersbargarage.co.uk:443.
HTTP request sent, awaiting response... 200 OK
Length: unspecified [text/html]
Saving to: ‘/Users/tarnewestcott/Development/pottersbargarage/legacy/pottersbargarage.co.uk/index.html?p=361.tmp.html’

     0K .......... .......... .......... .......... ..........  884K
    50K .......... .......... .......... .......... .......... 1.99M
   100K .......... .......... .......... .......... .......... 7.17M
   150K .......... .......... .......... .......... .          10.7M=0.09s

Last-modified header missing -- time-stamps turned off.
2026-06-23 19:45:02 (2.04 MB/s) - ‘/Users/tarnewestcott/Development/pottersbargarage/legacy/pottersbargarage.co.uk/index.html?p=361.tmp.html’ saved [196356]

Removing /Users/tarnewestcott/Development/pottersbargarage/legacy/pottersbargarage.co.uk/index.html?p=361.tmp.html since it should be rejected.

--2026-06-23 19:45:02--  https://pottersbargarage.co.uk/wp-content/uploads/elementor/thumbs/7-2-pn09kwctf9vxgh5hnt3wdtw6qxyfntrp60quyvtcxw.png
Reusing existing connection to pottersbargarage.co.uk:443.
HTTP request sent, awaiting response... 304 Not Modified
File ‘/Users/tarnewestcott/Development/pottersbargarage/legacy/pottersbargarage.co.uk/wp-content/uploads/elementor/thumbs/7-2-pn09kwctf9vxgh5hnt3wdtw6qxyfntrp60quyvtcxw.png’ not modified on server. Omitting download.

--2026-06-23 19:45:03--  https://pottersbargarage.co.uk/wp-content/uploads/premium-addons-elementor/pafe-50.js?ver=1651247064
Reusing existing connection to pottersbargarage.co.uk:443.
HTTP request sent, awaiting response... 304 Not Modified
File ‘/Users/tarnewestcott/Development/pottersbargarage/legacy/pottersbargarage.co.uk/wp-content/uploads/premium-addons-elementor/pafe-50.js?ver=1651247064’ not modified on server. Omitting download.

--2026-06-23 19:45:03--  https://pottersbargarage.co.uk/wp-json/oembed/1.0/embed?url=https%3A%2F%2Fpottersbargarage.co.uk%2Fservicing%2F
Reusing existing connection to pottersbargarage.co.uk:443.
HTTP request sent, awaiting response... 200 OK
Length: 2738 (2.7K) [application/json]
Saving to: ‘/Users/tarnewestcott/Development/pottersbargarage/legacy/pottersbargarage.co.uk/wp-json/oembed/1.0/embed?url=https:%2F%2Fpottersbargarage.co.uk%2Fservicing%2F’

     0K ..                                                    100%  290M=0s

Last-modified header missing -- time-stamps turned off.
2026-06-23 19:45:04 (290 MB/s) - ‘/Users/tarnewestcott/Development/pottersbargarage/legacy/pottersbargarage.co.uk/wp-json/oembed/1.0/embed?url=https:%2F%2Fpottersbargarage.co.uk%2Fservicing%2F’ saved [2738/2738]

--2026-06-23 19:45:04--  https://pottersbargarage.co.uk/wp-json/oembed/1.0/embed?url=https%3A%2F%2Fpottersbargarage.co.uk%2Fservicing%2F&format=xml
Reusing existing connection to pottersbargarage.co.uk:443.
HTTP request sent, awaiting response... 200 OK
Length: 2888 (2.8K) [text/xml]
Saving to: ‘/Users/tarnewestcott/Development/pottersbargarage/legacy/pottersbargarage.co.uk/wp-json/oembed/1.0/embed?url=https:%2F%2Fpottersbargarage.co.uk%2Fservicing%2F&format=xml’

     0K ..                                                    100% 16.2M=0s

Last-modified header missing -- time-stamps turned off.
2026-06-23 19:45:04 (16.2 MB/s) - ‘/Users/tarnewestcott/Development/pottersbargarage/legacy/pottersbargarage.co.uk/wp-json/oembed/1.0/embed?url=https:%2F%2Fpottersbargarage.co.uk%2Fservicing%2F&format=xml’ saved [2888/2888]

--2026-06-23 19:45:05--  https://pottersbargarage.co.uk/wp-content/uploads/elementor/css/post-257.css?ver=1782235486
Reusing existing connection to pottersbargarage.co.uk:443.
HTTP request sent, awaiting response... 200 OK
Length: 9472 (9.2K) [text/css]
Saving to: ‘/Users/tarnewestcott/Development/pottersbargarage/legacy/pottersbargarage.co.uk/wp-content/uploads/elementor/css/post-257.css?ver=1782235486.css’

     0K .........                                             100% 19.3M=0s

2026-06-23 19:45:05 (19.3 MB/s) - ‘/Users/tarnewestcott/Development/pottersbargarage/legacy/pottersbargarage.co.uk/wp-content/uploads/elementor/css/post-257.css?ver=1782235486.css’ saved [9472/9472]

--2026-06-23 19:45:06--  https://pottersbargarage.co.uk/wp-content/uploads/premium-addons-elementor/pafe-50.css?ver=1651247106
Reusing existing connection to pottersbargarage.co.uk:443.
HTTP request sent, awaiting response... 200 OK
Length: 15755 (15K) [text/css]
Saving to: ‘/Users/tarnewestcott/Development/pottersbargarage/legacy/pottersbargarage.co.uk/wp-content/uploads/premium-addons-elementor/pafe-50.css?ver=1651247106.css’

     0K .......... .....                                      100%  749K=0.02s

2026-06-23 19:45:06 (749 KB/s) - ‘/Users/tarnewestcott/Development/pottersbargarage/legacy/pottersbargarage.co.uk/wp-content/uploads/premium-addons-elementor/pafe-50.css?ver=1651247106.css’ saved [15755/15755]

--2026-06-23 19:45:06--  https://pottersbargarage.co.uk/wp-content/uploads/happyaddons/css/ha-50.css?ver=3.22.0.1651247106
Reusing existing connection to pottersbargarage.co.uk:443.
HTTP request sent, awaiting response... 200 OK
Length: 1376 (1.3K) [text/css]
Saving to: ‘/Users/tarnewestcott/Development/pottersbargarage/legacy/pottersbargarage.co.uk/wp-content/uploads/happyaddons/css/ha-50.css?ver=3.22.0.1651247106.css’

     0K .                                                     100%  219M=0s

2026-06-23 19:45:06 (219 MB/s) - ‘/Users/tarnewestcott/Development/pottersbargarage/legacy/pottersbargarage.co.uk/wp-content/uploads/happyaddons/css/ha-50.css?ver=3.22.0.1651247106.css’ saved [1376/1376]

--2026-06-23 19:45:07--  https://pottersbargarage.co.uk/wp-content/themes/salient/css/salient-dynamic-styles.css?ver=133
Reusing existing connection to pottersbargarage.co.uk:443.
HTTP request sent, awaiting response... 200 OK
Length: 101727 (99K) [text/css]
Saving to: ‘/Users/tarnewestcott/Development/pottersbargarage/legacy/pottersbargarage.co.uk/wp-content/themes/salient/css/salient-dynamic-styles.css?ver=133.css’

     0K .......... .......... .......... .......... .......... 50%  915K 0s
    50K .......... .......... .......... .......... ......... 100% 1.93M=0.08s

2026-06-23 19:45:07 (1.22 MB/s) - ‘/Users/tarnewestcott/Development/pottersbargarage/legacy/pottersbargarage.co.uk/wp-content/themes/salient/css/salient-dynamic-styles.css?ver=133.css’ saved [101727/101727]

--2026-06-23 19:45:07--  https://pottersbargarage.co.uk/wp-json/wp/v2/pages/257
Reusing existing connection to pottersbargarage.co.uk:443.
HTTP request sent, awaiting response... 200 OK
Length: unspecified [application/json]
Saving to: ‘/Users/tarnewestcott/Development/pottersbargarage/legacy/pottersbargarage.co.uk/wp-json/wp/v2/pages/257’

     0K .......... .......... ........                         2.73M=0.01s

Last-modified header missing -- time-stamps turned off.
2026-06-23 19:45:08 (2.73 MB/s) - ‘/Users/tarnewestcott/Development/pottersbargarage/legacy/pottersbargarage.co.uk/wp-json/wp/v2/pages/257’ saved [29103]

--2026-06-23 19:45:08--  https://pottersbargarage.co.uk/?p=257
Reusing existing connection to pottersbargarage.co.uk:443.
HTTP request sent, awaiting response... 301 Moved Permanently
Location: https://pottersbargarage.co.uk/servicing/ [following]
--2026-06-23 19:45:08--  https://pottersbargarage.co.uk/servicing/
Reusing existing connection to pottersbargarage.co.uk:443.
HTTP request sent, awaiting response... 200 OK
Length: unspecified [text/html]
Saving to: ‘/Users/tarnewestcott/Development/pottersbargarage/legacy/pottersbargarage.co.uk/index.html?p=257.tmp.html’

     0K .......... .......... .......... .......... ..........  872K
    50K .......... .......... .......... .......... .......... 1.86M
   100K .......... .......... .......... .......... .......... 14.7M
   150K .......... .......... .......... .......... ..         10.6M=0.09s

Last-modified header missing -- time-stamps turned off.
2026-06-23 19:45:09 (2.07 MB/s) - ‘/Users/tarnewestcott/Development/pottersbargarage/legacy/pottersbargarage.co.uk/index.html?p=257.tmp.html’ saved [196771]

Removing /Users/tarnewestcott/Development/pottersbargarage/legacy/pottersbargarage.co.uk/index.html?p=257.tmp.html since it should be rejected.

--2026-06-23 19:45:10--  https://pottersbargarage.co.uk/wp-content/uploads/elementor/thumbs/Servicing-pmx6u3sa0c9m1k6xqhtmpvti4kcrw2h3p82ssn2o5g.jpg
Reusing existing connection to pottersbargarage.co.uk:443.
HTTP request sent, awaiting response... 304 Not Modified
File ‘/Users/tarnewestcott/Development/pottersbargarage/legacy/pottersbargarage.co.uk/wp-content/uploads/elementor/thumbs/Servicing-pmx6u3sa0c9m1k6xqhtmpvti4kcrw2h3p82ssn2o5g.jpg’ not modified on server. Omitting download.

--2026-06-23 19:45:10--  https://pottersbargarage.co.uk/wp-content/uploads/premium-addons-elementor/pafe-50.js?ver=1651247106
Reusing existing connection to pottersbargarage.co.uk:443.
HTTP request sent, awaiting response... 304 Not Modified
File ‘/Users/tarnewestcott/Development/pottersbargarage/legacy/pottersbargarage.co.uk/wp-content/uploads/premium-addons-elementor/pafe-50.js?ver=1651247106’ not modified on server. Omitting download.

--2026-06-23 19:45:11--  https://pottersbargarage.co.uk/wp-json/oembed/1.0/embed?url=https%3A%2F%2Fpottersbargarage.co.uk%2Fwheel-alignment%2F
Reusing existing connection to pottersbargarage.co.uk:443.
HTTP request sent, awaiting response... 200 OK
Length: 2667 (2.6K) [application/json]
Saving to: ‘/Users/tarnewestcott/Development/pottersbargarage/legacy/pottersbargarage.co.uk/wp-json/oembed/1.0/embed?url=https:%2F%2Fpottersbargarage.co.uk%2Fwheel-alignment%2F’

     0K ..                                                    100% 14.1M=0s

Last-modified header missing -- time-stamps turned off.
2026-06-23 19:45:11 (14.1 MB/s) - ‘/Users/tarnewestcott/Development/pottersbargarage/legacy/pottersbargarage.co.uk/wp-json/oembed/1.0/embed?url=https:%2F%2Fpottersbargarage.co.uk%2Fwheel-alignment%2F’ saved [2667/2667]

--2026-06-23 19:45:12--  https://pottersbargarage.co.uk/wp-json/oembed/1.0/embed?url=https%3A%2F%2Fpottersbargarage.co.uk%2Fwheel-alignment%2F&format=xml
Reusing existing connection to pottersbargarage.co.uk:443.
HTTP request sent, awaiting response... 200 OK
Length: 2819 (2.8K) [text/xml]
Saving to: ‘/Users/tarnewestcott/Development/pottersbargarage/legacy/pottersbargarage.co.uk/wp-json/oembed/1.0/embed?url=https:%2F%2Fpottersbargarage.co.uk%2Fwheel-alignment%2F&format=xml’

     0K ..                                                    100%  384M=0s

Last-modified header missing -- time-stamps turned off.
2026-06-23 19:45:12 (384 MB/s) - ‘/Users/tarnewestcott/Development/pottersbargarage/legacy/pottersbargarage.co.uk/wp-json/oembed/1.0/embed?url=https:%2F%2Fpottersbargarage.co.uk%2Fwheel-alignment%2F&format=xml’ saved [2819/2819]

--2026-06-23 19:45:12--  https://pottersbargarage.co.uk/wp-content/uploads/elementor/css/post-395.css?ver=1782235487
Reusing existing connection to pottersbargarage.co.uk:443.
HTTP request sent, awaiting response... 200 OK
Length: 9472 (9.2K) [text/css]
Saving to: ‘/Users/tarnewestcott/Development/pottersbargarage/legacy/pottersbargarage.co.uk/wp-content/uploads/elementor/css/post-395.css?ver=1782235487.css’

     0K .........                                             100% 32.8M=0s

2026-06-23 19:45:12 (32.8 MB/s) - ‘/Users/tarnewestcott/Development/pottersbargarage/legacy/pottersbargarage.co.uk/wp-content/uploads/elementor/css/post-395.css?ver=1782235487.css’ saved [9472/9472]

--2026-06-23 19:45:13--  https://pottersbargarage.co.uk/wp-content/uploads/premium-addons-elementor/pafe-50.css?ver=1651247143
Reusing existing connection to pottersbargarage.co.uk:443.
HTTP request sent, awaiting response... 200 OK
Length: 15755 (15K) [text/css]
Saving to: ‘/Users/tarnewestcott/Development/pottersbargarage/legacy/pottersbargarage.co.uk/wp-content/uploads/premium-addons-elementor/pafe-50.css?ver=1651247143.css’

     0K .......... .....                                      100%  645K=0.02s

2026-06-23 19:45:13 (645 KB/s) - ‘/Users/tarnewestcott/Development/pottersbargarage/legacy/pottersbargarage.co.uk/wp-content/uploads/premium-addons-elementor/pafe-50.css?ver=1651247143.css’ saved [15755/15755]

--2026-06-23 19:45:13--  https://pottersbargarage.co.uk/wp-content/uploads/happyaddons/css/ha-50.css?ver=3.22.0.1651247143
Reusing existing connection to pottersbargarage.co.uk:443.
HTTP request sent, awaiting response... 200 OK
Length: 1376 (1.3K) [text/css]
Saving to: ‘/Users/tarnewestcott/Development/pottersbargarage/legacy/pottersbargarage.co.uk/wp-content/uploads/happyaddons/css/ha-50.css?ver=3.22.0.1651247143.css’

     0K .                                                     100%  187M=0s

2026-06-23 19:45:14 (187 MB/s) - ‘/Users/tarnewestcott/Development/pottersbargarage/legacy/pottersbargarage.co.uk/wp-content/uploads/happyaddons/css/ha-50.css?ver=3.22.0.1651247143.css’ saved [1376/1376]

--2026-06-23 19:45:14--  https://pottersbargarage.co.uk/wp-content/themes/salient/css/salient-dynamic-styles.css?ver=30041
Reusing existing connection to pottersbargarage.co.uk:443.
HTTP request sent, awaiting response... 200 OK
Length: 101727 (99K) [text/css]
Saving to: ‘/Users/tarnewestcott/Development/pottersbargarage/legacy/pottersbargarage.co.uk/wp-content/themes/salient/css/salient-dynamic-styles.css?ver=30041.css’

     0K .......... .......... .......... .......... .......... 50%  872K 0s
    50K .......... .......... .......... .......... ......... 100% 2.27M=0.08s

2026-06-23 19:45:14 (1.24 MB/s) - ‘/Users/tarnewestcott/Development/pottersbargarage/legacy/pottersbargarage.co.uk/wp-content/themes/salient/css/salient-dynamic-styles.css?ver=30041.css’ saved [101727/101727]

--2026-06-23 19:45:15--  https://pottersbargarage.co.uk/wp-json/wp/v2/pages/395
Reusing existing connection to pottersbargarage.co.uk:443.
HTTP request sent, awaiting response... 200 OK
Length: unspecified [application/json]
Saving to: ‘/Users/tarnewestcott/Development/pottersbargarage/legacy/pottersbargarage.co.uk/wp-json/wp/v2/pages/395’

     0K .......... .......... ........                         1.50M=0.02s

Last-modified header missing -- time-stamps turned off.
2026-06-23 19:45:15 (1.50 MB/s) - ‘/Users/tarnewestcott/Development/pottersbargarage/legacy/pottersbargarage.co.uk/wp-json/wp/v2/pages/395’ saved [28752]

--2026-06-23 19:45:15--  https://pottersbargarage.co.uk/?p=395
Reusing existing connection to pottersbargarage.co.uk:443.
HTTP request sent, awaiting response... 301 Moved Permanently
Location: https://pottersbargarage.co.uk/wheel-alignment/ [following]
--2026-06-23 19:45:16--  https://pottersbargarage.co.uk/wheel-alignment/
Reusing existing connection to pottersbargarage.co.uk:443.
HTTP request sent, awaiting response... 200 OK
Length: unspecified [text/html]
Saving to: ‘/Users/tarnewestcott/Development/pottersbargarage/legacy/pottersbargarage.co.uk/index.html?p=395.tmp.html’

     0K .......... .......... .......... .......... ..........  923K
    50K .......... .......... .......... .......... .......... 2.12M
   100K .......... .......... .......... .......... .......... 8.14M
   150K .......... .......... .......... .......... ..         12.3M=0.09s

Last-modified header missing -- time-stamps turned off.
2026-06-23 19:45:17 (2.17 MB/s) - ‘/Users/tarnewestcott/Development/pottersbargarage/legacy/pottersbargarage.co.uk/index.html?p=395.tmp.html’ saved [196653]

Removing /Users/tarnewestcott/Development/pottersbargarage/legacy/pottersbargarage.co.uk/index.html?p=395.tmp.html since it should be rejected.

--2026-06-23 19:45:17--  https://pottersbargarage.co.uk/wp-content/uploads/elementor/thumbs/up-pn09lojz4ayj4s0j35apgms0ki3g2qvn9wbfd6njr8.png
Reusing existing connection to pottersbargarage.co.uk:443.
HTTP request sent, awaiting response... 304 Not Modified
File ‘/Users/tarnewestcott/Development/pottersbargarage/legacy/pottersbargarage.co.uk/wp-content/uploads/elementor/thumbs/up-pn09lojz4ayj4s0j35apgms0ki3g2qvn9wbfd6njr8.png’ not modified on server. Omitting download.

--2026-06-23 19:45:18--  https://pottersbargarage.co.uk/wp-content/uploads/premium-addons-elementor/pafe-50.js?ver=1651247143
Reusing existing connection to pottersbargarage.co.uk:443.
HTTP request sent, awaiting response... 304 Not Modified
File ‘/Users/tarnewestcott/Development/pottersbargarage/legacy/pottersbargarage.co.uk/wp-content/uploads/premium-addons-elementor/pafe-50.js?ver=1651247143’ not modified on server. Omitting download.

--2026-06-23 19:45:18--  https://pottersbargarage.co.uk/wp-json/oembed/1.0/embed?url=https%3A%2F%2Fpottersbargarage.co.uk%2Fblog%2F
Reusing existing connection to pottersbargarage.co.uk:443.
HTTP request sent, awaiting response... 200 OK
Length: 2446 (2.4K) [application/json]
Saving to: ‘/Users/tarnewestcott/Development/pottersbargarage/legacy/pottersbargarage.co.uk/wp-json/oembed/1.0/embed?url=https:%2F%2Fpottersbargarage.co.uk%2Fblog%2F’

     0K ..                                                    100%  212M=0s

Last-modified header missing -- time-stamps turned off.
2026-06-23 19:45:19 (212 MB/s) - ‘/Users/tarnewestcott/Development/pottersbargarage/legacy/pottersbargarage.co.uk/wp-json/oembed/1.0/embed?url=https:%2F%2Fpottersbargarage.co.uk%2Fblog%2F’ saved [2446/2446]

--2026-06-23 19:45:19--  https://pottersbargarage.co.uk/wp-json/oembed/1.0/embed?url=https%3A%2F%2Fpottersbargarage.co.uk%2Fblog%2F&format=xml
Reusing existing connection to pottersbargarage.co.uk:443.
HTTP request sent, awaiting response... 200 OK
Length: 2591 (2.5K) [text/xml]
Saving to: ‘/Users/tarnewestcott/Development/pottersbargarage/legacy/pottersbargarage.co.uk/wp-json/oembed/1.0/embed?url=https:%2F%2Fpottersbargarage.co.uk%2Fblog%2F&format=xml’

     0K ..                                                    100% 12.9M=0s

Last-modified header missing -- time-stamps turned off.
2026-06-23 19:45:19 (12.9 MB/s) - ‘/Users/tarnewestcott/Development/pottersbargarage/legacy/pottersbargarage.co.uk/wp-json/oembed/1.0/embed?url=https:%2F%2Fpottersbargarage.co.uk%2Fblog%2F&format=xml’ saved [2591/2591]

--2026-06-23 19:45:20--  https://pottersbargarage.co.uk/wp-content/uploads/premium-addons-elementor/pafe-180.css?ver=1651247201
Reusing existing connection to pottersbargarage.co.uk:443.
HTTP request sent, awaiting response... 200 OK
Length: 24124 (24K) [text/css]
Saving to: ‘/Users/tarnewestcott/Development/pottersbargarage/legacy/pottersbargarage.co.uk/wp-content/uploads/premium-addons-elementor/pafe-180.css?ver=1651247201.css’

     0K .......... .......... ...                             100%  911K=0.03s

2026-06-23 19:45:20 (911 KB/s) - ‘/Users/tarnewestcott/Development/pottersbargarage/legacy/pottersbargarage.co.uk/wp-content/uploads/premium-addons-elementor/pafe-180.css?ver=1651247201.css’ saved [24124/24124]

--2026-06-23 19:45:20--  https://pottersbargarage.co.uk/wp-content/uploads/elementor/css/post-180.css?ver=1782235488
Reusing existing connection to pottersbargarage.co.uk:443.
HTTP request sent, awaiting response... 200 OK
Length: 6302 (6.2K) [text/css]
Saving to: ‘/Users/tarnewestcott/Development/pottersbargarage/legacy/pottersbargarage.co.uk/wp-content/uploads/elementor/css/post-180.css?ver=1782235488.css’

     0K ......                                                100% 1.47G=0s

2026-06-23 19:45:20 (1.47 GB/s) - ‘/Users/tarnewestcott/Development/pottersbargarage/legacy/pottersbargarage.co.uk/wp-content/uploads/elementor/css/post-180.css?ver=1782235488.css’ saved [6302/6302]

--2026-06-23 19:45:21--  https://pottersbargarage.co.uk/wp-content/uploads/premium-addons-elementor/pafe-50.css?ver=1651247201
Reusing existing connection to pottersbargarage.co.uk:443.
HTTP request sent, awaiting response... 200 OK
Length: 15755 (15K) [text/css]
Saving to: ‘/Users/tarnewestcott/Development/pottersbargarage/legacy/pottersbargarage.co.uk/wp-content/uploads/premium-addons-elementor/pafe-50.css?ver=1651247201.css’

     0K .......... .....                                      100%  661K=0.02s

2026-06-23 19:45:21 (661 KB/s) - ‘/Users/tarnewestcott/Development/pottersbargarage/legacy/pottersbargarage.co.uk/wp-content/uploads/premium-addons-elementor/pafe-50.css?ver=1651247201.css’ saved [15755/15755]

--2026-06-23 19:45:22--  https://pottersbargarage.co.uk/wp-content/uploads/happyaddons/css/ha-50.css?ver=3.22.0.1651247201
Reusing existing connection to pottersbargarage.co.uk:443.
HTTP request sent, awaiting response... 200 OK
Length: 1376 (1.3K) [text/css]
Saving to: ‘/Users/tarnewestcott/Development/pottersbargarage/legacy/pottersbargarage.co.uk/wp-content/uploads/happyaddons/css/ha-50.css?ver=3.22.0.1651247201.css’

     0K .                                                     100%  262M=0s

2026-06-23 19:45:22 (262 MB/s) - ‘/Users/tarnewestcott/Development/pottersbargarage/legacy/pottersbargarage.co.uk/wp-content/uploads/happyaddons/css/ha-50.css?ver=3.22.0.1651247201.css’ saved [1376/1376]

--2026-06-23 19:45:22--  https://pottersbargarage.co.uk/wp-content/themes/salient/css/salient-dynamic-styles.css?ver=14101
Reusing existing connection to pottersbargarage.co.uk:443.
HTTP request sent, awaiting response... 200 OK
Length: 101727 (99K) [text/css]
Saving to: ‘/Users/tarnewestcott/Development/pottersbargarage/legacy/pottersbargarage.co.uk/wp-content/themes/salient/css/salient-dynamic-styles.css?ver=14101.css’

     0K .......... .......... .......... .......... .......... 50%  876K 0s
    50K .......... .......... .......... .......... ......... 100% 2.34M=0.08s

2026-06-23 19:45:22 (1.25 MB/s) - ‘/Users/tarnewestcott/Development/pottersbargarage/legacy/pottersbargarage.co.uk/wp-content/themes/salient/css/salient-dynamic-styles.css?ver=14101.css’ saved [101727/101727]

--2026-06-23 19:45:22--  https://pottersbargarage.co.uk/wp-json/wp/v2/pages/180
Reusing existing connection to pottersbargarage.co.uk:443.
HTTP request sent, awaiting response... 200 OK
Length: unspecified [application/json]
Saving to: ‘/Users/tarnewestcott/Development/pottersbargarage/legacy/pottersbargarage.co.uk/wp-json/wp/v2/pages/180’

     0K .......... .......... ...                              36.4M=0.001s

Last-modified header missing -- time-stamps turned off.
2026-06-23 19:45:23 (36.4 MB/s) - ‘/Users/tarnewestcott/Development/pottersbargarage/legacy/pottersbargarage.co.uk/wp-json/wp/v2/pages/180’ saved [23946]

--2026-06-23 19:45:23--  https://pottersbargarage.co.uk/?p=180
Reusing existing connection to pottersbargarage.co.uk:443.
HTTP request sent, awaiting response... 301 Moved Permanently
Location: https://pottersbargarage.co.uk/blog/ [following]
--2026-06-23 19:45:24--  https://pottersbargarage.co.uk/blog/
Reusing existing connection to pottersbargarage.co.uk:443.
HTTP request sent, awaiting response... 200 OK
Length: unspecified [text/html]
Saving to: ‘/Users/tarnewestcott/Development/pottersbargarage/legacy/pottersbargarage.co.uk/index.html?p=180.tmp.html’

     0K .......... .......... .......... .......... ..........  972K
    50K .......... .......... .......... .......... .......... 2.02M
   100K .......... .......... .......... .......... .......... 7.60M
   150K .......... .......... .......... .......               5.33M=0.09s

Last-modified header missing -- time-stamps turned off.
2026-06-23 19:45:25 (2.06 MB/s) - ‘/Users/tarnewestcott/Development/pottersbargarage/legacy/pottersbargarage.co.uk/index.html?p=180.tmp.html’ saved [192064]

Removing /Users/tarnewestcott/Development/pottersbargarage/legacy/pottersbargarage.co.uk/index.html?p=180.tmp.html since it should be rejected.

--2026-06-23 19:45:25--  https://pottersbargarage.co.uk/servicing-repairs/car-care-and-assisted-living/
Reusing existing connection to pottersbargarage.co.uk:443.
HTTP request sent, awaiting response... 200 OK
Length: unspecified [text/html]
Saving to: ‘/Users/tarnewestcott/Development/pottersbargarage/legacy/pottersbargarage.co.uk/servicing-repairs/car-care-and-assisted-living/index.html’

     0K .......... .......... .......... .......... .......... 3.68M
    50K .......... .......... .......... .......... .......... 2.13M
   100K .......... .......... .......... .......... .......... 4.18M
   150K .......... .......... .......... .                     19.3M=0.05s

Last-modified header missing -- time-stamps turned off.
2026-06-23 19:45:26 (3.58 MB/s) - ‘/Users/tarnewestcott/Development/pottersbargarage/legacy/pottersbargarage.co.uk/servicing-repairs/car-care-and-assisted-living/index.html’ saved [185538]

--2026-06-23 19:45:26--  https://pottersbargarage.co.uk/category/servicing-repairs/
Reusing existing connection to pottersbargarage.co.uk:443.
HTTP request sent, awaiting response... 200 OK
Length: unspecified [text/html]
Saving to: ‘/Users/tarnewestcott/Development/pottersbargarage/legacy/pottersbargarage.co.uk/category/servicing-repairs/index.html’

     0K .......... .......... .......... .......... .......... 33.5M
    50K .......... .......... .......... .......... .......... 2.86M
   100K .......... .......... .......... .......... .......... 6.90M
   150K .......... .......... .......... .......... ......      206K=0.3s

Last-modified header missing -- time-stamps turned off.
2026-06-23 19:45:27 (784 KB/s) - ‘/Users/tarnewestcott/Development/pottersbargarage/legacy/pottersbargarage.co.uk/category/servicing-repairs/index.html’ saved [201017]

--2026-06-23 19:45:27--  https://pottersbargarage.co.uk/servicing-repairs/signs-that-exhaust-system-needs-repair/
Reusing existing connection to pottersbargarage.co.uk:443.
HTTP request sent, awaiting response... 200 OK
Length: unspecified [text/html]
Saving to: ‘/Users/tarnewestcott/Development/pottersbargarage/legacy/pottersbargarage.co.uk/servicing-repairs/signs-that-exhaust-system-needs-repair/index.html’

     0K .......... .......... .......... .......... .......... 2.55M
    50K .......... .......... .......... .......... .......... 2.09M
   100K .......... .......... .......... .......... .......... 14.1M
   150K .......... .......... .......... ..                    8.62M=0.05s

Last-modified header missing -- time-stamps turned off.
2026-06-23 19:45:28 (3.59 MB/s) - ‘/Users/tarnewestcott/Development/pottersbargarage/legacy/pottersbargarage.co.uk/servicing-repairs/signs-that-exhaust-system-needs-repair/index.html’ saved [187266]

--2026-06-23 19:45:28--  https://pottersbargarage.co.uk/servicing-repairs/car-servicing-in-totteridge-n20/
Reusing existing connection to pottersbargarage.co.uk:443.
HTTP request sent, awaiting response... 200 OK
Length: unspecified [text/html]
Saving to: ‘/Users/tarnewestcott/Development/pottersbargarage/legacy/pottersbargarage.co.uk/servicing-repairs/car-servicing-in-totteridge-n20/index.html’

     0K .......... .......... .......... .......... .......... 3.42M
    50K .......... .......... .......... .......... .......... 9.32M
   100K .......... .......... .......... .......... .......... 2.44M
   150K .......... .......... .......... .                     16.4M=0.04s

Last-modified header missing -- time-stamps turned off.
2026-06-23 19:45:29 (4.28 MB/s) - ‘/Users/tarnewestcott/Development/pottersbargarage/legacy/pottersbargarage.co.uk/servicing-repairs/car-servicing-in-totteridge-n20/index.html’ saved [186118]

--2026-06-23 19:45:29--  https://pottersbargarage.co.uk/servicing-repairs/exhaust-repair-in-enfield/
Reusing existing connection to pottersbargarage.co.uk:443.
HTTP request sent, awaiting response... 200 OK
Length: unspecified [text/html]
Saving to: ‘/Users/tarnewestcott/Development/pottersbargarage/legacy/pottersbargarage.co.uk/servicing-repairs/exhaust-repair-in-enfield/index.html’

     0K .......... .......... .......... .......... .......... 39.3M
    50K .......... .......... .......... .......... .......... 5.39M
   100K .......... .......... .......... .......... .......... 2.72M
   150K .......... .......... .......... .                     3.12M=0.04s

Last-modified header missing -- time-stamps turned off.
2026-06-23 19:45:30 (4.64 MB/s) - ‘/Users/tarnewestcott/Development/pottersbargarage/legacy/pottersbargarage.co.uk/servicing-repairs/exhaust-repair-in-enfield/index.html’ saved [186265]

--2026-06-23 19:45:31--  https://pottersbargarage.co.uk/servicing-repairs/mot-services-in-totteridge/
Reusing existing connection to pottersbargarage.co.uk:443.
HTTP request sent, awaiting response... 200 OK
Length: unspecified [text/html]
Saving to: ‘/Users/tarnewestcott/Development/pottersbargarage/legacy/pottersbargarage.co.uk/servicing-repairs/mot-services-in-totteridge/index.html’

     0K .......... .......... .......... .......... .......... 2.21M
    50K .......... .......... .......... .......... .......... 1.91M
   100K .......... .......... .......... .......... .......... 4.43M
   150K .......... .......... .......... .                     34.7M=0.06s

Last-modified header missing -- time-stamps turned off.
2026-06-23 19:45:31 (2.98 MB/s) - ‘/Users/tarnewestcott/Development/pottersbargarage/legacy/pottersbargarage.co.uk/servicing-repairs/mot-services-in-totteridge/index.html’ saved [185773]

--2026-06-23 19:45:32--  https://pottersbargarage.co.uk/servicing-repairs/mot-services-in-potters-bar-en6-2qs/
Reusing existing connection to pottersbargarage.co.uk:443.
HTTP request sent, awaiting response... 200 OK
Length: unspecified [text/html]
Saving to: ‘/Users/tarnewestcott/Development/pottersbargarage/legacy/pottersbargarage.co.uk/servicing-repairs/mot-services-in-potters-bar-en6-2qs/index.html’

     0K .......... .......... .......... .......... .......... 2.81M
    50K .......... .......... .......... .......... .......... 2.11M
   100K .......... .......... .......... .......... .......... 5.79M
   150K .......... .......... .......... ..                    33.9M=0.05s

Last-modified header missing -- time-stamps turned off.
2026-06-23 19:45:32 (3.57 MB/s) - ‘/Users/tarnewestcott/Development/pottersbargarage/legacy/pottersbargarage.co.uk/servicing-repairs/mot-services-in-potters-bar-en6-2qs/index.html’ saved [186542]

--2026-06-23 19:45:33--  https://pottersbargarage.co.uk/servicing-repairs/diagnostics-in-potters-bar-en6/
Reusing existing connection to pottersbargarage.co.uk:443.
HTTP request sent, awaiting response... 200 OK
Length: unspecified [text/html]
Saving to: ‘/Users/tarnewestcott/Development/pottersbargarage/legacy/pottersbargarage.co.uk/servicing-repairs/diagnostics-in-potters-bar-en6/index.html’

     0K .......... .......... .......... .......... .......... 2.81M
    50K .......... .......... .......... .......... .......... 2.20M
   100K .......... .......... .......... .......... .......... 6.92M
   150K .......... .......... .......... .                     37.5M=0.05s

Last-modified header missing -- time-stamps turned off.
2026-06-23 19:45:33 (3.73 MB/s) - ‘/Users/tarnewestcott/Development/pottersbargarage/legacy/pottersbargarage.co.uk/servicing-repairs/diagnostics-in-potters-bar-en6/index.html’ saved [185703]

--2026-06-23 19:45:34--  https://pottersbargarage.co.uk/servicing-repairs/car-servicing-barnet-en4/
Reusing existing connection to pottersbargarage.co.uk:443.
HTTP request sent, awaiting response... 200 OK
Length: unspecified [text/html]
Saving to: ‘/Users/tarnewestcott/Development/pottersbargarage/legacy/pottersbargarage.co.uk/servicing-repairs/car-servicing-barnet-en4/index.html’

     0K .......... .......... .......... .......... .......... 3.94M
    50K .......... .......... .......... .......... .......... 1.98M
   100K .......... .......... .......... .......... .......... 7.98M
   150K .......... .......... .......... .                     14.1M=0.05s

Last-modified header missing -- time-stamps turned off.
2026-06-23 19:45:34 (3.91 MB/s) - ‘/Users/tarnewestcott/Development/pottersbargarage/legacy/pottersbargarage.co.uk/servicing-repairs/car-servicing-barnet-en4/index.html’ saved [185490]

--2026-06-23 19:45:35--  https://pottersbargarage.co.uk/servicing-repairs/air-conditioning-servicing-in-potters-bar-en6/
Reusing existing connection to pottersbargarage.co.uk:443.
HTTP request sent, awaiting response... 200 OK
Length: unspecified [text/html]
Saving to: ‘/Users/tarnewestcott/Development/pottersbargarage/legacy/pottersbargarage.co.uk/servicing-repairs/air-conditioning-servicing-in-potters-bar-en6/index.html’

     0K .......... .......... .......... .......... .......... 44.9M
    50K .......... .......... .......... .......... .......... 3.06M
   100K .......... .......... .......... .......... .......... 2.21M
   150K .......... .......... .......... .                     35.8M=0.04s

Last-modified header missing -- time-stamps turned off.
2026-06-23 19:45:35 (4.44 MB/s) - ‘/Users/tarnewestcott/Development/pottersbargarage/legacy/pottersbargarage.co.uk/servicing-repairs/air-conditioning-servicing-in-potters-bar-en6/index.html’ saved [186277]

--2026-06-23 19:45:36--  https://pottersbargarage.co.uk/wp-content/uploads/premium-addons-elementor/pafe-180.js?ver=1651247201
Reusing existing connection to pottersbargarage.co.uk:443.
HTTP request sent, awaiting response... 304 Not Modified
File ‘/Users/tarnewestcott/Development/pottersbargarage/legacy/pottersbargarage.co.uk/wp-content/uploads/premium-addons-elementor/pafe-180.js?ver=1651247201’ not modified on server. Omitting download.

--2026-06-23 19:45:37--  https://pottersbargarage.co.uk/wp-includes/js/imagesloaded.min.js?ver=5.0.0
Reusing existing connection to pottersbargarage.co.uk:443.
HTTP request sent, awaiting response... 304 Not Modified
File ‘/Users/tarnewestcott/Development/pottersbargarage/legacy/pottersbargarage.co.uk/wp-includes/js/imagesloaded.min.js?ver=5.0.0’ not modified on server. Omitting download.

--2026-06-23 19:45:37--  https://pottersbargarage.co.uk/wp-content/uploads/premium-addons-elementor/pafe-50.js?ver=1651247201
Reusing existing connection to pottersbargarage.co.uk:443.
HTTP request sent, awaiting response... 304 Not Modified
File ‘/Users/tarnewestcott/Development/pottersbargarage/legacy/pottersbargarage.co.uk/wp-content/uploads/premium-addons-elementor/pafe-50.js?ver=1651247201’ not modified on server. Omitting download.

--2026-06-23 19:45:38--  https://pottersbargarage.co.uk/wp-json/oembed/1.0/embed?url=https%3A%2F%2Fpottersbargarage.co.uk%2Fcontact%2F
Reusing existing connection to pottersbargarage.co.uk:443.
HTTP request sent, awaiting response... 200 OK
Length: 2479 (2.4K) [application/json]
Saving to: ‘/Users/tarnewestcott/Development/pottersbargarage/legacy/pottersbargarage.co.uk/wp-json/oembed/1.0/embed?url=https:%2F%2Fpottersbargarage.co.uk%2Fcontact%2F’

     0K ..                                                    100% 11.2M=0s

Last-modified header missing -- time-stamps turned off.
2026-06-23 19:45:38 (11.2 MB/s) - ‘/Users/tarnewestcott/Development/pottersbargarage/legacy/pottersbargarage.co.uk/wp-json/oembed/1.0/embed?url=https:%2F%2Fpottersbargarage.co.uk%2Fcontact%2F’ saved [2479/2479]

--2026-06-23 19:45:39--  https://pottersbargarage.co.uk/wp-json/oembed/1.0/embed?url=https%3A%2F%2Fpottersbargarage.co.uk%2Fcontact%2F&format=xml
Reusing existing connection to pottersbargarage.co.uk:443.
HTTP request sent, awaiting response... 200 OK
Length: 2624 (2.6K) [text/xml]
Saving to: ‘/Users/tarnewestcott/Development/pottersbargarage/legacy/pottersbargarage.co.uk/wp-json/oembed/1.0/embed?url=https:%2F%2Fpottersbargarage.co.uk%2Fcontact%2F&format=xml’

     0K ..                                                    100% 14.1M=0s

Last-modified header missing -- time-stamps turned off.
2026-06-23 19:45:39 (14.1 MB/s) - ‘/Users/tarnewestcott/Development/pottersbargarage/legacy/pottersbargarage.co.uk/wp-json/oembed/1.0/embed?url=https:%2F%2Fpottersbargarage.co.uk%2Fcontact%2F&format=xml’ saved [2624/2624]

--2026-06-23 19:45:40--  https://pottersbargarage.co.uk/wp-content/plugins/elementor/assets/css/widget-icon-box.min.css?ver=4.1.3
Reusing existing connection to pottersbargarage.co.uk:443.
HTTP request sent, awaiting response... 200 OK
Length: 4726 (4.6K) [text/css]
Saving to: ‘/Users/tarnewestcott/Development/pottersbargarage/legacy/pottersbargarage.co.uk/wp-content/plugins/elementor/assets/css/widget-icon-box.min.css?ver=4.1.3.css’

     0K ....                                                  100%  644M=0s

2026-06-23 19:45:40 (644 MB/s) - ‘/Users/tarnewestcott/Development/pottersbargarage/legacy/pottersbargarage.co.uk/wp-content/plugins/elementor/assets/css/widget-icon-box.min.css?ver=4.1.3.css’ saved [4726/4726]

--2026-06-23 19:45:40--  https://pottersbargarage.co.uk/wp-content/plugins/elementor-pro/assets/css/widget-form.min.css?ver=4.0.2
Reusing existing connection to pottersbargarage.co.uk:443.
HTTP request sent, awaiting response... 200 OK
Length: 6797 (6.6K) [text/css]
Saving to: ‘/Users/tarnewestcott/Development/pottersbargarage/legacy/pottersbargarage.co.uk/wp-content/plugins/elementor-pro/assets/css/widget-form.min.css?ver=4.0.2.css’

     0K ......                                                100% 20.9M=0s

2026-06-23 19:45:40 (20.9 MB/s) - ‘/Users/tarnewestcott/Development/pottersbargarage/legacy/pottersbargarage.co.uk/wp-content/plugins/elementor-pro/assets/css/widget-form.min.css?ver=4.0.2.css’ saved [6797/6797]

--2026-06-23 19:45:41--  https://pottersbargarage.co.uk/wp-content/uploads/elementor/css/post-140.css?ver=1782235489
Reusing existing connection to pottersbargarage.co.uk:443.
HTTP request sent, awaiting response... 200 OK
Length: 14588 (14K) [text/css]
Saving to: ‘/Users/tarnewestcott/Development/pottersbargarage/legacy/pottersbargarage.co.uk/wp-content/uploads/elementor/css/post-140.css?ver=1782235489.css’

     0K .......... ....                                       100% 1.70G=0s

2026-06-23 19:45:41 (1.70 GB/s) - ‘/Users/tarnewestcott/Development/pottersbargarage/legacy/pottersbargarage.co.uk/wp-content/uploads/elementor/css/post-140.css?ver=1782235489.css’ saved [14588/14588]

--2026-06-23 19:45:41--  https://pottersbargarage.co.uk/wp-content/uploads/premium-addons-elementor/pafe-50.css?ver=1747301291
Reusing existing connection to pottersbargarage.co.uk:443.
HTTP request sent, awaiting response... 200 OK
Length: 15755 (15K) [text/css]
Saving to: ‘/Users/tarnewestcott/Development/pottersbargarage/legacy/pottersbargarage.co.uk/wp-content/uploads/premium-addons-elementor/pafe-50.css?ver=1747301291.css’

     0K .......... .....                                      100%  659K=0.02s

2026-06-23 19:45:41 (659 KB/s) - ‘/Users/tarnewestcott/Development/pottersbargarage/legacy/pottersbargarage.co.uk/wp-content/uploads/premium-addons-elementor/pafe-50.css?ver=1747301291.css’ saved [15755/15755]

--2026-06-23 19:45:42--  https://pottersbargarage.co.uk/wp-content/uploads/happyaddons/css/ha-50.css?ver=3.22.0.1747301291
Reusing existing connection to pottersbargarage.co.uk:443.
HTTP request sent, awaiting response... 200 OK
Length: 1376 (1.3K) [text/css]
Saving to: ‘/Users/tarnewestcott/Development/pottersbargarage/legacy/pottersbargarage.co.uk/wp-content/uploads/happyaddons/css/ha-50.css?ver=3.22.0.1747301291.css’

     0K .                                                     100% 5.11M=0s

2026-06-23 19:45:42 (5.11 MB/s) - ‘/Users/tarnewestcott/Development/pottersbargarage/legacy/pottersbargarage.co.uk/wp-content/uploads/happyaddons/css/ha-50.css?ver=3.22.0.1747301291.css’ saved [1376/1376]

--2026-06-23 19:45:42--  https://pottersbargarage.co.uk/wp-content/themes/salient/css/salient-dynamic-styles.css?ver=92595
Reusing existing connection to pottersbargarage.co.uk:443.
HTTP request sent, awaiting response... 200 OK
Length: 101727 (99K) [text/css]
Saving to: ‘/Users/tarnewestcott/Development/pottersbargarage/legacy/pottersbargarage.co.uk/wp-content/themes/salient/css/salient-dynamic-styles.css?ver=92595.css’

     0K .......... .......... .......... .......... .......... 50%  948K 0s
    50K .......... .......... .......... .......... ......... 100% 2.06M=0.08s

2026-06-23 19:45:43 (1.27 MB/s) - ‘/Users/tarnewestcott/Development/pottersbargarage/legacy/pottersbargarage.co.uk/wp-content/themes/salient/css/salient-dynamic-styles.css?ver=92595.css’ saved [101727/101727]

--2026-06-23 19:45:43--  https://pottersbargarage.co.uk/wp-json/wp/v2/pages/140
Reusing existing connection to pottersbargarage.co.uk:443.
HTTP request sent, awaiting response... 200 OK
Length: unspecified [application/json]
Saving to: ‘/Users/tarnewestcott/Development/pottersbargarage/legacy/pottersbargarage.co.uk/wp-json/wp/v2/pages/140’

     0K .......... .......... ....                             29.5M=0.001s

Last-modified header missing -- time-stamps turned off.
2026-06-23 19:45:43 (29.5 MB/s) - ‘/Users/tarnewestcott/Development/pottersbargarage/legacy/pottersbargarage.co.uk/wp-json/wp/v2/pages/140’ saved [25497]

--2026-06-23 19:45:44--  https://pottersbargarage.co.uk/?p=140
Reusing existing connection to pottersbargarage.co.uk:443.
HTTP request sent, awaiting response... 301 Moved Permanently
Location: https://pottersbargarage.co.uk/contact/ [following]
--2026-06-23 19:45:44--  https://pottersbargarage.co.uk/contact/
Reusing existing connection to pottersbargarage.co.uk:443.
HTTP request sent, awaiting response... 200 OK
Length: unspecified [text/html]
Saving to: ‘/Users/tarnewestcott/Development/pottersbargarage/legacy/pottersbargarage.co.uk/index.html?p=140.tmp.html’

     0K .......... .......... .......... .......... .......... 1.56M
    50K .......... .......... .......... .......... .......... 2.18M
   100K .......... .......... .......... .......... .......... 7.12M
   150K .......... .......... .......... ........              16.0M=0.06s

Last-modified header missing -- time-stamps turned off.
2026-06-23 19:45:45 (2.92 MB/s) - ‘/Users/tarnewestcott/Development/pottersbargarage/legacy/pottersbargarage.co.uk/index.html?p=140.tmp.html’ saved [193024]

Removing /Users/tarnewestcott/Development/pottersbargarage/legacy/pottersbargarage.co.uk/index.html?p=140.tmp.html since it should be rejected.

--2026-06-23 19:45:45--  https://pottersbargarage.co.uk/wp-content/uploads/premium-addons-elementor/pafe-50.js?ver=1747301291
Reusing existing connection to pottersbargarage.co.uk:443.
HTTP request sent, awaiting response... 304 Not Modified
File ‘/Users/tarnewestcott/Development/pottersbargarage/legacy/pottersbargarage.co.uk/wp-content/uploads/premium-addons-elementor/pafe-50.js?ver=1747301291’ not modified on server. Omitting download.

--2026-06-23 19:45:46--  https://pottersbargarage.co.uk/wp-content/plugins/revslider/public/assets/fonts/revicons/revicons.eot?5510888
Reusing existing connection to pottersbargarage.co.uk:443.
HTTP request sent, awaiting response... 304 Not Modified
File ‘/Users/tarnewestcott/Development/pottersbargarage/legacy/pottersbargarage.co.uk/wp-content/plugins/revslider/public/assets/fonts/revicons/revicons.eot?5510888’ not modified on server. Omitting download.

--2026-06-23 19:45:47--  https://pottersbargarage.co.uk/wp-content/plugins/revslider/public/assets/fonts/revicons/revicons.woff?5510888
Reusing existing connection to pottersbargarage.co.uk:443.
HTTP request sent, awaiting response... 304 Not Modified
File ‘/Users/tarnewestcott/Development/pottersbargarage/legacy/pottersbargarage.co.uk/wp-content/plugins/revslider/public/assets/fonts/revicons/revicons.woff?5510888’ not modified on server. Omitting download.

--2026-06-23 19:45:47--  https://pottersbargarage.co.uk/wp-content/plugins/revslider/public/assets/fonts/revicons/revicons.ttf?5510888
Reusing existing connection to pottersbargarage.co.uk:443.
HTTP request sent, awaiting response... 304 Not Modified
File ‘/Users/tarnewestcott/Development/pottersbargarage/legacy/pottersbargarage.co.uk/wp-content/plugins/revslider/public/assets/fonts/revicons/revicons.ttf?5510888’ not modified on server. Omitting download.

--2026-06-23 19:45:48--  https://pottersbargarage.co.uk/wp-content/plugins/revslider/public/assets/fonts/revicons/revicons.svg?5510888
Reusing existing connection to pottersbargarage.co.uk:443.
HTTP request sent, awaiting response... 304 Not Modified
File ‘/Users/tarnewestcott/Development/pottersbargarage/legacy/pottersbargarage.co.uk/wp-content/plugins/revslider/public/assets/fonts/revicons/revicons.svg?5510888’ not modified on server. Omitting download.

--2026-06-23 19:45:49--  https://pottersbargarage.co.uk/wp-content/plugins/revslider/public/assets/css/openhand.cur
Reusing existing connection to pottersbargarage.co.uk:443.
HTTP request sent, awaiting response... 304 Not Modified
File ‘/Users/tarnewestcott/Development/pottersbargarage/legacy/pottersbargarage.co.uk/wp-content/plugins/revslider/public/assets/css/openhand.cur’ not modified on server. Omitting download.

--2026-06-23 19:45:49--  https://pottersbargarage.co.uk/wp-content/plugins/revslider/public/assets/css/closedhand.cur
Reusing existing connection to pottersbargarage.co.uk:443.
HTTP request sent, awaiting response... 304 Not Modified
File ‘/Users/tarnewestcott/Development/pottersbargarage/legacy/pottersbargarage.co.uk/wp-content/plugins/revslider/public/assets/css/closedhand.cur’ not modified on server. Omitting download.

--2026-06-23 19:45:50--  https://pottersbargarage.co.uk/wp-content/plugins/revslider/public/assets/assets/gridtile.png
Reusing existing connection to pottersbargarage.co.uk:443.
HTTP request sent, awaiting response... 304 Not Modified
File ‘/Users/tarnewestcott/Development/pottersbargarage/legacy/pottersbargarage.co.uk/wp-content/plugins/revslider/public/assets/assets/gridtile.png’ not modified on server. Omitting download.

--2026-06-23 19:45:50--  https://pottersbargarage.co.uk/wp-content/plugins/revslider/public/assets/assets/gridtile_white.png
Reusing existing connection to pottersbargarage.co.uk:443.
HTTP request sent, awaiting response... 304 Not Modified
File ‘/Users/tarnewestcott/Development/pottersbargarage/legacy/pottersbargarage.co.uk/wp-content/plugins/revslider/public/assets/assets/gridtile_white.png’ not modified on server. Omitting download.

--2026-06-23 19:45:51--  https://pottersbargarage.co.uk/wp-content/plugins/revslider/public/assets/assets/gridtile_3x3.png
Reusing existing connection to pottersbargarage.co.uk:443.
HTTP request sent, awaiting response... 304 Not Modified
File ‘/Users/tarnewestcott/Development/pottersbargarage/legacy/pottersbargarage.co.uk/wp-content/plugins/revslider/public/assets/assets/gridtile_3x3.png’ not modified on server. Omitting download.

--2026-06-23 19:45:52--  https://pottersbargarage.co.uk/wp-content/plugins/revslider/public/assets/assets/gridtile_3x3_white.png
Reusing existing connection to pottersbargarage.co.uk:443.
HTTP request sent, awaiting response... 304 Not Modified
File ‘/Users/tarnewestcott/Development/pottersbargarage/legacy/pottersbargarage.co.uk/wp-content/plugins/revslider/public/assets/assets/gridtile_3x3_white.png’ not modified on server. Omitting download.

--2026-06-23 19:45:52--  https://pottersbargarage.co.uk/wp-content/plugins/revslider/public/assets/assets/coloredbg.png
Reusing existing connection to pottersbargarage.co.uk:443.
HTTP request sent, awaiting response... 304 Not Modified
File ‘/Users/tarnewestcott/Development/pottersbargarage/legacy/pottersbargarage.co.uk/wp-content/plugins/revslider/public/assets/assets/coloredbg.png’ not modified on server. Omitting download.

--2026-06-23 19:45:53--  https://pottersbargarage.co.uk/wp-content/plugins/revslider/public/assets/assets/loader.gif
Reusing existing connection to pottersbargarage.co.uk:443.
HTTP request sent, awaiting response... 304 Not Modified
File ‘/Users/tarnewestcott/Development/pottersbargarage/legacy/pottersbargarage.co.uk/wp-content/plugins/revslider/public/assets/assets/loader.gif’ not modified on server. Omitting download.

--2026-06-23 19:45:53--  https://pottersbargarage.co.uk/wp-content/uploads/2022/04/1234.jpg
Reusing existing connection to pottersbargarage.co.uk:443.
HTTP request sent, awaiting response... 304 Not Modified
File ‘/Users/tarnewestcott/Development/pottersbargarage/legacy/pottersbargarage.co.uk/wp-content/uploads/2022/04/1234.jpg’ not modified on server. Omitting download.

--2026-06-23 19:45:54--  https://pottersbargarage.co.uk/wp-content/uploads/2022/04/12345.png
Reusing existing connection to pottersbargarage.co.uk:443.
HTTP request sent, awaiting response... 304 Not Modified
File ‘/Users/tarnewestcott/Development/pottersbargarage/legacy/pottersbargarage.co.uk/wp-content/uploads/2022/04/12345.png’ not modified on server. Omitting download.

--2026-06-23 19:45:55--  https://pottersbargarage.co.uk/wp-json/oembed/1.0/embed?url=https%3A%2F%2Fpottersbargarage.co.uk%2Fservicing-repairs%2Fcar-care-and-assisted-living%2F
Reusing existing connection to pottersbargarage.co.uk:443.
HTTP request sent, awaiting response... 200 OK
Length: 2666 (2.6K) [application/json]
Saving to: ‘/Users/tarnewestcott/Development/pottersbargarage/legacy/pottersbargarage.co.uk/wp-json/oembed/1.0/embed?url=https:%2F%2Fpottersbargarage.co.uk%2Fservicing-repairs%2Fcar-care-and-assisted-living%2F’

     0K ..                                                    100% 9.89M=0s

Last-modified header missing -- time-stamps turned off.
2026-06-23 19:45:55 (9.89 MB/s) - ‘/Users/tarnewestcott/Development/pottersbargarage/legacy/pottersbargarage.co.uk/wp-json/oembed/1.0/embed?url=https:%2F%2Fpottersbargarage.co.uk%2Fservicing-repairs%2Fcar-care-and-assisted-living%2F’ saved [2666/2666]

--2026-06-23 19:45:56--  https://pottersbargarage.co.uk/wp-json/oembed/1.0/embed?url=https%3A%2F%2Fpottersbargarage.co.uk%2Fservicing-repairs%2Fcar-care-and-assisted-living%2F&format=xml
Reusing existing connection to pottersbargarage.co.uk:443.
HTTP request sent, awaiting response... 200 OK
Length: 2809 (2.7K) [text/xml]
Saving to: ‘/Users/tarnewestcott/Development/pottersbargarage/legacy/pottersbargarage.co.uk/wp-json/oembed/1.0/embed?url=https:%2F%2Fpottersbargarage.co.uk%2Fservicing-repairs%2Fcar-care-and-assisted-living%2F&format=xml’

     0K ..                                                    100% 10.6M=0s

Last-modified header missing -- time-stamps turned off.
2026-06-23 19:45:56 (10.6 MB/s) - ‘/Users/tarnewestcott/Development/pottersbargarage/legacy/pottersbargarage.co.uk/wp-json/oembed/1.0/embed?url=https:%2F%2Fpottersbargarage.co.uk%2Fservicing-repairs%2Fcar-care-and-assisted-living%2F&format=xml’ saved [2809/2809]

--2026-06-23 19:45:56--  https://pottersbargarage.co.uk/wp-includes/css/dist/block-library/style.min.css?ver=489259b363428cc490497ac2e4d600ed
Reusing existing connection to pottersbargarage.co.uk:443.
HTTP request sent, awaiting response... 200 OK
Length: 119358 (117K) [text/css]
Saving to: ‘/Users/tarnewestcott/Development/pottersbargarage/legacy/pottersbargarage.co.uk/wp-includes/css/dist/block-library/style.min.css?ver=489259b363428cc490497ac2e4d600ed.css’

     0K .......... .......... .......... .......... .......... 42% 1.82M 0s
    50K .......... .......... .......... .......... .......... 85% 2.15M 0s
   100K .......... ......                                     100% 26.6M=0.05s

2026-06-23 19:45:57 (2.27 MB/s) - ‘/Users/tarnewestcott/Development/pottersbargarage/legacy/pottersbargarage.co.uk/wp-includes/css/dist/block-library/style.min.css?ver=489259b363428cc490497ac2e4d600ed.css’ saved [119358/119358]

--2026-06-23 19:45:57--  https://pottersbargarage.co.uk/wp-content/uploads/premium-addons-elementor/pafe-50.css?ver=1744807962
Reusing existing connection to pottersbargarage.co.uk:443.
HTTP request sent, awaiting response... 200 OK
Length: 15755 (15K) [text/css]
Saving to: ‘/Users/tarnewestcott/Development/pottersbargarage/legacy/pottersbargarage.co.uk/wp-content/uploads/premium-addons-elementor/pafe-50.css?ver=1744807962.css’

     0K .......... .....                                      100% 19.6M=0.001s

2026-06-23 19:45:57 (19.6 MB/s) - ‘/Users/tarnewestcott/Development/pottersbargarage/legacy/pottersbargarage.co.uk/wp-content/uploads/premium-addons-elementor/pafe-50.css?ver=1744807962.css’ saved [15755/15755]

--2026-06-23 19:45:58--  https://pottersbargarage.co.uk/wp-content/uploads/happyaddons/css/ha-50.css?ver=3.22.0.1744807962
Reusing existing connection to pottersbargarage.co.uk:443.
HTTP request sent, awaiting response... 200 OK
Length: 1376 (1.3K) [text/css]
Saving to: ‘/Users/tarnewestcott/Development/pottersbargarage/legacy/pottersbargarage.co.uk/wp-content/uploads/happyaddons/css/ha-50.css?ver=3.22.0.1744807962.css’

     0K .                                                     100% 5.86M=0s

2026-06-23 19:45:58 (5.86 MB/s) - ‘/Users/tarnewestcott/Development/pottersbargarage/legacy/pottersbargarage.co.uk/wp-content/uploads/happyaddons/css/ha-50.css?ver=3.22.0.1744807962.css’ saved [1376/1376]

--2026-06-23 19:45:58--  https://pottersbargarage.co.uk/wp-content/themes/salient/css/single.css?ver=13.0.5
Reusing existing connection to pottersbargarage.co.uk:443.
HTTP request sent, awaiting response... 200 OK
Length: 41452 (40K) [text/css]
Saving to: ‘/Users/tarnewestcott/Development/pottersbargarage/legacy/pottersbargarage.co.uk/wp-content/themes/salient/css/single.css?ver=13.0.5.css’

     0K .......... .......... .......... ..........           100% 3.86M=0.01s

2026-06-23 19:45:58 (3.86 MB/s) - ‘/Users/tarnewestcott/Development/pottersbargarage/legacy/pottersbargarage.co.uk/wp-content/themes/salient/css/single.css?ver=13.0.5.css’ saved [41452/41452]

--2026-06-23 19:45:59--  https://pottersbargarage.co.uk/wp-content/themes/salient/css/salient-dynamic-styles.css?ver=44424
Reusing existing connection to pottersbargarage.co.uk:443.
HTTP request sent, awaiting response... 200 OK
Length: 101727 (99K) [text/css]
Saving to: ‘/Users/tarnewestcott/Development/pottersbargarage/legacy/pottersbargarage.co.uk/wp-content/themes/salient/css/salient-dynamic-styles.css?ver=44424.css’

     0K .......... .......... .......... .......... .......... 50%  893K 0s
    50K .......... .......... .......... .......... ......... 100% 2.26M=0.08s

2026-06-23 19:45:59 (1.25 MB/s) - ‘/Users/tarnewestcott/Development/pottersbargarage/legacy/pottersbargarage.co.uk/wp-content/themes/salient/css/salient-dynamic-styles.css?ver=44424.css’ saved [101727/101727]

--2026-06-23 19:46:00--  https://pottersbargarage.co.uk/wp-json/wp/v2/posts/812
Reusing existing connection to pottersbargarage.co.uk:443.
HTTP request sent, awaiting response... 200 OK
Length: unspecified [application/json]
Saving to: ‘/Users/tarnewestcott/Development/pottersbargarage/legacy/pottersbargarage.co.uk/wp-json/wp/v2/posts/812’

     0K ..........                                             43.3M=0s

Last-modified header missing -- time-stamps turned off.
2026-06-23 19:46:00 (43.3 MB/s) - ‘/Users/tarnewestcott/Development/pottersbargarage/legacy/pottersbargarage.co.uk/wp-json/wp/v2/posts/812’ saved [11226]

--2026-06-23 19:46:01--  https://pottersbargarage.co.uk/?p=812
Reusing existing connection to pottersbargarage.co.uk:443.
HTTP request sent, awaiting response... 301 Moved Permanently
Location: https://pottersbargarage.co.uk/servicing-repairs/car-care-and-assisted-living/ [following]
--2026-06-23 19:46:01--  https://pottersbargarage.co.uk/servicing-repairs/car-care-and-assisted-living/
Reusing existing connection to pottersbargarage.co.uk:443.
HTTP request sent, awaiting response... 200 OK
Length: unspecified [text/html]
Saving to: ‘/Users/tarnewestcott/Development/pottersbargarage/legacy/pottersbargarage.co.uk/index.html?p=812.tmp.html’

     0K .......... .......... .......... .......... ..........  969K
    50K .......... .......... .......... .......... .......... 1.82M
   100K .......... .......... .......... .......... .......... 6.85M
   150K .......... .......... .......... .                     18.7M=0.09s

Last-modified header missing -- time-stamps turned off.
2026-06-23 19:46:02 (2.03 MB/s) - ‘/Users/tarnewestcott/Development/pottersbargarage/legacy/pottersbargarage.co.uk/index.html?p=812.tmp.html’ saved [185538]

Removing /Users/tarnewestcott/Development/pottersbargarage/legacy/pottersbargarage.co.uk/index.html?p=812.tmp.html since it should be rejected.

--2026-06-23 19:46:02--  https://pottersbargarage.co.uk/author/admin/
Reusing existing connection to pottersbargarage.co.uk:443.
HTTP request sent, awaiting response... 200 OK
Length: unspecified [text/html]
Saving to: ‘/Users/tarnewestcott/Development/pottersbargarage/legacy/pottersbargarage.co.uk/author/admin/index.html’

     0K .......... .......... .......... .......... .......... 2.20M
    50K .......... .......... .......... .......... .......... 2.13M
   100K .......... .......... .......... .......... .......... 8.55M
   150K .......... .......... .......... ...                   3.08M=0.06s

Last-modified header missing -- time-stamps turned off.
2026-06-23 19:46:03 (2.92 MB/s) - ‘/Users/tarnewestcott/Development/pottersbargarage/legacy/pottersbargarage.co.uk/author/admin/index.html’ saved [188128]

--2026-06-23 19:46:03--  https://pottersbargarage.co.uk/wp-content/uploads/premium-addons-elementor/pafe-50.js?ver=1744807962
Reusing existing connection to pottersbargarage.co.uk:443.
HTTP request sent, awaiting response... 304 Not Modified
File ‘/Users/tarnewestcott/Development/pottersbargarage/legacy/pottersbargarage.co.uk/wp-content/uploads/premium-addons-elementor/pafe-50.js?ver=1744807962’ not modified on server. Omitting download.

--2026-06-23 19:46:04--  https://pottersbargarage.co.uk/category/servicing-repairs/feed/
Reusing existing connection to pottersbargarage.co.uk:443.
HTTP request sent, awaiting response... 304 Not Modified
File ‘/Users/tarnewestcott/Development/pottersbargarage/legacy/pottersbargarage.co.uk/category/servicing-repairs/feed/index.html’ not modified on server. Omitting download.

--2026-06-23 19:46:05--  https://pottersbargarage.co.uk/wp-content/themes/salient/css/blog/auto-masonry-meta-overlaid-spaced.css?ver=13.0.5
Reusing existing connection to pottersbargarage.co.uk:443.
HTTP request sent, awaiting response... 200 OK
Length: 11757 (11K) [text/css]
Saving to: ‘/Users/tarnewestcott/Development/pottersbargarage/legacy/pottersbargarage.co.uk/wp-content/themes/salient/css/blog/auto-masonry-meta-overlaid-spaced.css?ver=13.0.5.css’

     0K .......... .                                          100% 1.22G=0s

2026-06-23 19:46:05 (1.22 GB/s) - ‘/Users/tarnewestcott/Development/pottersbargarage/legacy/pottersbargarage.co.uk/wp-content/themes/salient/css/blog/auto-masonry-meta-overlaid-spaced.css?ver=13.0.5.css’ saved [11757/11757]

--2026-06-23 19:46:05--  https://pottersbargarage.co.uk/wp-content/themes/salient/css/salient-dynamic-styles.css?ver=23309
Reusing existing connection to pottersbargarage.co.uk:443.
HTTP request sent, awaiting response... 200 OK
Length: 101727 (99K) [text/css]
Saving to: ‘/Users/tarnewestcott/Development/pottersbargarage/legacy/pottersbargarage.co.uk/wp-content/themes/salient/css/salient-dynamic-styles.css?ver=23309.css’

     0K .......... .......... .......... .......... .......... 50%  869K 0s
    50K .......... .......... .......... .......... ......... 100% 2.04M=0.08s

2026-06-23 19:46:05 (1.20 MB/s) - ‘/Users/tarnewestcott/Development/pottersbargarage/legacy/pottersbargarage.co.uk/wp-content/themes/salient/css/salient-dynamic-styles.css?ver=23309.css’ saved [101727/101727]

--2026-06-23 19:46:06--  https://pottersbargarage.co.uk/wp-json/wp/v2/categories/1
Reusing existing connection to pottersbargarage.co.uk:443.
HTTP request sent, awaiting response... 200 OK
Length: 4552 (4.4K) [application/json]
Saving to: ‘/Users/tarnewestcott/Development/pottersbargarage/legacy/pottersbargarage.co.uk/wp-json/wp/v2/categories/1’

     0K ....                                                  100% 29.9M=0s

Last-modified header missing -- time-stamps turned off.
2026-06-23 19:46:06 (29.9 MB/s) - ‘/Users/tarnewestcott/Development/pottersbargarage/legacy/pottersbargarage.co.uk/wp-json/wp/v2/categories/1’ saved [4552/4552]

--2026-06-23 19:46:06--  https://pottersbargarage.co.uk/wp-json/oembed/1.0/embed?url=https%3A%2F%2Fpottersbargarage.co.uk%2Fservicing-repairs%2Fsigns-that-exhaust-system-needs-repair%2F
Reusing existing connection to pottersbargarage.co.uk:443.
HTTP request sent, awaiting response... 200 OK
Length: 2714 (2.7K) [application/json]
Saving to: ‘/Users/tarnewestcott/Development/pottersbargarage/legacy/pottersbargarage.co.uk/wp-json/oembed/1.0/embed?url=https:%2F%2Fpottersbargarage.co.uk%2Fservicing-repairs%2Fsigns-that-exhaust-system-needs-repair%2F’

     0K ..                                                    100%  216M=0s

Last-modified header missing -- time-stamps turned off.
2026-06-23 19:46:07 (216 MB/s) - ‘/Users/tarnewestcott/Development/pottersbargarage/legacy/pottersbargarage.co.uk/wp-json/oembed/1.0/embed?url=https:%2F%2Fpottersbargarage.co.uk%2Fservicing-repairs%2Fsigns-that-exhaust-system-needs-repair%2F’ saved [2714/2714]

--2026-06-23 19:46:07--  https://pottersbargarage.co.uk/wp-json/oembed/1.0/embed?url=https%3A%2F%2Fpottersbargarage.co.uk%2Fservicing-repairs%2Fsigns-that-exhaust-system-needs-repair%2F&format=xml
Reusing existing connection to pottersbargarage.co.uk:443.
HTTP request sent, awaiting response... 200 OK
Length: 2861 (2.8K) [text/xml]
Saving to: ‘/Users/tarnewestcott/Development/pottersbargarage/legacy/pottersbargarage.co.uk/wp-json/oembed/1.0/embed?url=https:%2F%2Fpottersbargarage.co.uk%2Fservicing-repairs%2Fsigns-that-exhaust-system-needs-repair%2F&format=xml’

     0K ..                                                    100% 12.1M=0s

Last-modified header missing -- time-stamps turned off.
2026-06-23 19:46:07 (12.1 MB/s) - ‘/Users/tarnewestcott/Development/pottersbargarage/legacy/pottersbargarage.co.uk/wp-json/oembed/1.0/embed?url=https:%2F%2Fpottersbargarage.co.uk%2Fservicing-repairs%2Fsigns-that-exhaust-system-needs-repair%2F&format=xml’ saved [2861/2861]

--2026-06-23 19:46:08--  https://pottersbargarage.co.uk/wp-content/uploads/premium-addons-elementor/pafe-50.css?ver=1649675085
Reusing existing connection to pottersbargarage.co.uk:443.
HTTP request sent, awaiting response... 200 OK
Length: 15755 (15K) [text/css]
Saving to: ‘/Users/tarnewestcott/Development/pottersbargarage/legacy/pottersbargarage.co.uk/wp-content/uploads/premium-addons-elementor/pafe-50.css?ver=1649675085.css’

     0K .......... .....                                      100%  675K=0.02s

2026-06-23 19:46:08 (675 KB/s) - ‘/Users/tarnewestcott/Development/pottersbargarage/legacy/pottersbargarage.co.uk/wp-content/uploads/premium-addons-elementor/pafe-50.css?ver=1649675085.css’ saved [15755/15755]

--2026-06-23 19:46:09--  https://pottersbargarage.co.uk/wp-content/uploads/happyaddons/css/ha-50.css?ver=3.22.0.1649675085
Reusing existing connection to pottersbargarage.co.uk:443.
HTTP request sent, awaiting response... 200 OK
Length: 1376 (1.3K) [text/css]
Saving to: ‘/Users/tarnewestcott/Development/pottersbargarage/legacy/pottersbargarage.co.uk/wp-content/uploads/happyaddons/css/ha-50.css?ver=3.22.0.1649675085.css’

     0K .                                                     100%  219M=0s

2026-06-23 19:46:09 (219 MB/s) - ‘/Users/tarnewestcott/Development/pottersbargarage/legacy/pottersbargarage.co.uk/wp-content/uploads/happyaddons/css/ha-50.css?ver=3.22.0.1649675085.css’ saved [1376/1376]

--2026-06-23 19:46:09--  https://pottersbargarage.co.uk/wp-content/themes/salient/css/salient-dynamic-styles.css?ver=87527
Reusing existing connection to pottersbargarage.co.uk:443.
HTTP request sent, awaiting response... 200 OK
Length: 101727 (99K) [text/css]
Saving to: ‘/Users/tarnewestcott/Development/pottersbargarage/legacy/pottersbargarage.co.uk/wp-content/themes/salient/css/salient-dynamic-styles.css?ver=87527.css’

     0K .......... .......... .......... .......... .......... 50%  959K 0s
    50K .......... .......... .......... .......... ......... 100% 1.95M=0.08s

2026-06-23 19:46:09 (1.26 MB/s) - ‘/Users/tarnewestcott/Development/pottersbargarage/legacy/pottersbargarage.co.uk/wp-content/themes/salient/css/salient-dynamic-styles.css?ver=87527.css’ saved [101727/101727]

--2026-06-23 19:46:10--  https://pottersbargarage.co.uk/wp-json/wp/v2/posts/506
Reusing existing connection to pottersbargarage.co.uk:443.
HTTP request sent, awaiting response... 200 OK
Length: unspecified [application/json]
Saving to: ‘/Users/tarnewestcott/Development/pottersbargarage/legacy/pottersbargarage.co.uk/wp-json/wp/v2/posts/506’

     0K .......... ..                                          59.0M=0s

Last-modified header missing -- time-stamps turned off.
2026-06-23 19:46:10 (59.0 MB/s) - ‘/Users/tarnewestcott/Development/pottersbargarage/legacy/pottersbargarage.co.uk/wp-json/wp/v2/posts/506’ saved [12682]

--2026-06-23 19:46:10--  https://pottersbargarage.co.uk/?p=506
Reusing existing connection to pottersbargarage.co.uk:443.
HTTP request sent, awaiting response... 301 Moved Permanently
Location: https://pottersbargarage.co.uk/servicing-repairs/signs-that-exhaust-system-needs-repair/ [following]
--2026-06-23 19:46:11--  https://pottersbargarage.co.uk/servicing-repairs/signs-that-exhaust-system-needs-repair/
Reusing existing connection to pottersbargarage.co.uk:443.
HTTP request sent, awaiting response... 200 OK
Length: unspecified [text/html]
Saving to: ‘/Users/tarnewestcott/Development/pottersbargarage/legacy/pottersbargarage.co.uk/index.html?p=506.tmp.html’

     0K .......... .......... .......... .......... ..........  880K
    50K .......... .......... .......... .......... .......... 1.93M
   100K .......... .......... .......... .......... .......... 10.4M
   150K .......... .......... .......... ..                    16.3M=0.09s

Last-modified header missing -- time-stamps turned off.
2026-06-23 19:46:12 (2.01 MB/s) - ‘/Users/tarnewestcott/Development/pottersbargarage/legacy/pottersbargarage.co.uk/index.html?p=506.tmp.html’ saved [187266]

Removing /Users/tarnewestcott/Development/pottersbargarage/legacy/pottersbargarage.co.uk/index.html?p=506.tmp.html since it should be rejected.

--2026-06-23 19:46:12--  https://pottersbargarage.co.uk/wp-content/uploads/premium-addons-elementor/pafe-50.js?ver=1649675085
Reusing existing connection to pottersbargarage.co.uk:443.
HTTP request sent, awaiting response... 304 Not Modified
File ‘/Users/tarnewestcott/Development/pottersbargarage/legacy/pottersbargarage.co.uk/wp-content/uploads/premium-addons-elementor/pafe-50.js?ver=1649675085’ not modified on server. Omitting download.

--2026-06-23 19:46:13--  https://pottersbargarage.co.uk/wp-json/oembed/1.0/embed?url=https%3A%2F%2Fpottersbargarage.co.uk%2Fservicing-repairs%2Fcar-servicing-in-totteridge-n20%2F
Reusing existing connection to pottersbargarage.co.uk:443.
HTTP request sent, awaiting response... 200 OK
Length: 2689 (2.6K) [application/json]
Saving to: ‘/Users/tarnewestcott/Development/pottersbargarage/legacy/pottersbargarage.co.uk/wp-json/oembed/1.0/embed?url=https:%2F%2Fpottersbargarage.co.uk%2Fservicing-repairs%2Fcar-servicing-in-totteridge-n20%2F’

     0K ..                                                    100% 10.7M=0s

Last-modified header missing -- time-stamps turned off.
2026-06-23 19:46:13 (10.7 MB/s) - ‘/Users/tarnewestcott/Development/pottersbargarage/legacy/pottersbargarage.co.uk/wp-json/oembed/1.0/embed?url=https:%2F%2Fpottersbargarage.co.uk%2Fservicing-repairs%2Fcar-servicing-in-totteridge-n20%2F’ saved [2689/2689]

--2026-06-23 19:46:14--  https://pottersbargarage.co.uk/wp-json/oembed/1.0/embed?url=https%3A%2F%2Fpottersbargarage.co.uk%2Fservicing-repairs%2Fcar-servicing-in-totteridge-n20%2F&format=xml
Reusing existing connection to pottersbargarage.co.uk:443.
HTTP request sent, awaiting response... 200 OK
Length: 2840 (2.8K) [text/xml]
Saving to: ‘/Users/tarnewestcott/Development/pottersbargarage/legacy/pottersbargarage.co.uk/wp-json/oembed/1.0/embed?url=https:%2F%2Fpottersbargarage.co.uk%2Fservicing-repairs%2Fcar-servicing-in-totteridge-n20%2F&format=xml’

     0K ..                                                    100% 14.7M=0s

Last-modified header missing -- time-stamps turned off.
2026-06-23 19:46:14 (14.7 MB/s) - ‘/Users/tarnewestcott/Development/pottersbargarage/legacy/pottersbargarage.co.uk/wp-json/oembed/1.0/embed?url=https:%2F%2Fpottersbargarage.co.uk%2Fservicing-repairs%2Fcar-servicing-in-totteridge-n20%2F&format=xml’ saved [2840/2840]

--2026-06-23 19:46:15--  https://pottersbargarage.co.uk/wp-content/uploads/premium-addons-elementor/pafe-50.css?ver=1649675348
Reusing existing connection to pottersbargarage.co.uk:443.
HTTP request sent, awaiting response... 200 OK
Length: 15755 (15K) [text/css]
Saving to: ‘/Users/tarnewestcott/Development/pottersbargarage/legacy/pottersbargarage.co.uk/wp-content/uploads/premium-addons-elementor/pafe-50.css?ver=1649675348.css’

     0K .......... .....                                      100%  548K=0.03s

2026-06-23 19:46:15 (548 KB/s) - ‘/Users/tarnewestcott/Development/pottersbargarage/legacy/pottersbargarage.co.uk/wp-content/uploads/premium-addons-elementor/pafe-50.css?ver=1649675348.css’ saved [15755/15755]

--2026-06-23 19:46:15--  https://pottersbargarage.co.uk/wp-content/uploads/happyaddons/css/ha-50.css?ver=3.22.0.1649675348
Reusing existing connection to pottersbargarage.co.uk:443.
HTTP request sent, awaiting response... 200 OK
Length: 1376 (1.3K) [text/css]
Saving to: ‘/Users/tarnewestcott/Development/pottersbargarage/legacy/pottersbargarage.co.uk/wp-content/uploads/happyaddons/css/ha-50.css?ver=3.22.0.1649675348.css’

     0K .                                                     100%  119M=0s

2026-06-23 19:46:15 (119 MB/s) - ‘/Users/tarnewestcott/Development/pottersbargarage/legacy/pottersbargarage.co.uk/wp-content/uploads/happyaddons/css/ha-50.css?ver=3.22.0.1649675348.css’ saved [1376/1376]

--2026-06-23 19:46:16--  https://pottersbargarage.co.uk/wp-content/themes/salient/css/salient-dynamic-styles.css?ver=3280
Reusing existing connection to pottersbargarage.co.uk:443.
HTTP request sent, awaiting response... 200 OK
Length: 101727 (99K) [text/css]
Saving to: ‘/Users/tarnewestcott/Development/pottersbargarage/legacy/pottersbargarage.co.uk/wp-content/themes/salient/css/salient-dynamic-styles.css?ver=3280.css’

     0K .......... .......... .......... .......... .......... 50%  842K 0s
    50K .......... .......... .......... .......... ......... 100% 2.21M=0.08s

2026-06-23 19:46:16 (1.20 MB/s) - ‘/Users/tarnewestcott/Development/pottersbargarage/legacy/pottersbargarage.co.uk/wp-content/themes/salient/css/salient-dynamic-styles.css?ver=3280.css’ saved [101727/101727]

--2026-06-23 19:46:17--  https://pottersbargarage.co.uk/wp-json/wp/v2/posts/505
Reusing existing connection to pottersbargarage.co.uk:443.
HTTP request sent, awaiting response... 200 OK
Length: unspecified [application/json]
Saving to: ‘/Users/tarnewestcott/Development/pottersbargarage/legacy/pottersbargarage.co.uk/wp-json/wp/v2/posts/505’

     0K .......... .                                           39.4M=0s

Last-modified header missing -- time-stamps turned off.
2026-06-23 19:46:17 (39.4 MB/s) - ‘/Users/tarnewestcott/Development/pottersbargarage/legacy/pottersbargarage.co.uk/wp-json/wp/v2/posts/505’ saved [11430]

--2026-06-23 19:46:18--  https://pottersbargarage.co.uk/?p=505
Reusing existing connection to pottersbargarage.co.uk:443.
HTTP request sent, awaiting response... 301 Moved Permanently
Location: https://pottersbargarage.co.uk/servicing-repairs/car-servicing-in-totteridge-n20/ [following]
--2026-06-23 19:46:18--  https://pottersbargarage.co.uk/servicing-repairs/car-servicing-in-totteridge-n20/
Reusing existing connection to pottersbargarage.co.uk:443.
HTTP request sent, awaiting response... 200 OK
Length: unspecified [text/html]
Saving to: ‘/Users/tarnewestcott/Development/pottersbargarage/legacy/pottersbargarage.co.uk/index.html?p=505.tmp.html’

     0K .......... .......... .......... .......... ..........  882K
    50K .......... .......... .......... .......... .......... 2.03M
   100K .......... .......... .......... .......... .......... 6.82M
   150K .......... .......... .......... .                     16.6M=0.09s

Last-modified header missing -- time-stamps turned off.
2026-06-23 19:46:19 (1.98 MB/s) - ‘/Users/tarnewestcott/Development/pottersbargarage/legacy/pottersbargarage.co.uk/index.html?p=505.tmp.html’ saved [186119]

Removing /Users/tarnewestcott/Development/pottersbargarage/legacy/pottersbargarage.co.uk/index.html?p=505.tmp.html since it should be rejected.

--2026-06-23 19:46:19--  https://pottersbargarage.co.uk/wp-content/uploads/premium-addons-elementor/pafe-50.js?ver=1649675348
Reusing existing connection to pottersbargarage.co.uk:443.
HTTP request sent, awaiting response... 304 Not Modified
File ‘/Users/tarnewestcott/Development/pottersbargarage/legacy/pottersbargarage.co.uk/wp-content/uploads/premium-addons-elementor/pafe-50.js?ver=1649675348’ not modified on server. Omitting download.

--2026-06-23 19:46:20--  https://pottersbargarage.co.uk/wp-json/oembed/1.0/embed?url=https%3A%2F%2Fpottersbargarage.co.uk%2Fservicing-repairs%2Fexhaust-repair-in-enfield%2F
Reusing existing connection to pottersbargarage.co.uk:443.
HTTP request sent, awaiting response... 200 OK
Length: 2636 (2.6K) [application/json]
Saving to: ‘/Users/tarnewestcott/Development/pottersbargarage/legacy/pottersbargarage.co.uk/wp-json/oembed/1.0/embed?url=https:%2F%2Fpottersbargarage.co.uk%2Fservicing-repairs%2Fexhaust-repair-in-enfield%2F’

     0K ..                                                    100% 25.4M=0s

Last-modified header missing -- time-stamps turned off.
2026-06-23 19:46:20 (25.4 MB/s) - ‘/Users/tarnewestcott/Development/pottersbargarage/legacy/pottersbargarage.co.uk/wp-json/oembed/1.0/embed?url=https:%2F%2Fpottersbargarage.co.uk%2Fservicing-repairs%2Fexhaust-repair-in-enfield%2F’ saved [2636/2636]

--2026-06-23 19:46:21--  https://pottersbargarage.co.uk/wp-json/oembed/1.0/embed?url=https%3A%2F%2Fpottersbargarage.co.uk%2Fservicing-repairs%2Fexhaust-repair-in-enfield%2F&format=xml
Reusing existing connection to pottersbargarage.co.uk:443.
HTTP request sent, awaiting response... 200 OK
Length: 2779 (2.7K) [text/xml]
Saving to: ‘/Users/tarnewestcott/Development/pottersbargarage/legacy/pottersbargarage.co.uk/wp-json/oembed/1.0/embed?url=https:%2F%2Fpottersbargarage.co.uk%2Fservicing-repairs%2Fexhaust-repair-in-enfield%2F&format=xml’

     0K ..                                                    100% 17.8M=0s

Last-modified header missing -- time-stamps turned off.
2026-06-23 19:46:21 (17.8 MB/s) - ‘/Users/tarnewestcott/Development/pottersbargarage/legacy/pottersbargarage.co.uk/wp-json/oembed/1.0/embed?url=https:%2F%2Fpottersbargarage.co.uk%2Fservicing-repairs%2Fexhaust-repair-in-enfield%2F&format=xml’ saved [2779/2779]

--2026-06-23 19:46:21--  https://pottersbargarage.co.uk/wp-content/uploads/premium-addons-elementor/pafe-50.css?ver=1649675733
Reusing existing connection to pottersbargarage.co.uk:443.
HTTP request sent, awaiting response... 200 OK
Length: 15755 (15K) [text/css]
Saving to: ‘/Users/tarnewestcott/Development/pottersbargarage/legacy/pottersbargarage.co.uk/wp-content/uploads/premium-addons-elementor/pafe-50.css?ver=1649675733.css’

     0K .......... .....                                      100% 1.83G=0s

2026-06-23 19:46:21 (1.83 GB/s) - ‘/Users/tarnewestcott/Development/pottersbargarage/legacy/pottersbargarage.co.uk/wp-content/uploads/premium-addons-elementor/pafe-50.css?ver=1649675733.css’ saved [15755/15755]

--2026-06-23 19:46:22--  https://pottersbargarage.co.uk/wp-content/uploads/happyaddons/css/ha-50.css?ver=3.22.0.1649675733
Reusing existing connection to pottersbargarage.co.uk:443.
HTTP request sent, awaiting response... 200 OK
Length: 1376 (1.3K) [text/css]
Saving to: ‘/Users/tarnewestcott/Development/pottersbargarage/legacy/pottersbargarage.co.uk/wp-content/uploads/happyaddons/css/ha-50.css?ver=3.22.0.1649675733.css’

     0K .                                                     100% 4.49M=0s

2026-06-23 19:46:22 (4.49 MB/s) - ‘/Users/tarnewestcott/Development/pottersbargarage/legacy/pottersbargarage.co.uk/wp-content/uploads/happyaddons/css/ha-50.css?ver=3.22.0.1649675733.css’ saved [1376/1376]

--2026-06-23 19:46:23--  https://pottersbargarage.co.uk/wp-content/themes/salient/css/salient-dynamic-styles.css?ver=58792
Reusing existing connection to pottersbargarage.co.uk:443.
HTTP request sent, awaiting response... 200 OK
Length: 101727 (99K) [text/css]
Saving to: ‘/Users/tarnewestcott/Development/pottersbargarage/legacy/pottersbargarage.co.uk/wp-content/themes/salient/css/salient-dynamic-styles.css?ver=58792.css’

     0K .......... .......... .......... .......... .......... 50%  858K 0s
    50K .......... .......... .......... .......... ......... 100% 2.37M=0.08s

2026-06-23 19:46:23 (1.23 MB/s) - ‘/Users/tarnewestcott/Development/pottersbargarage/legacy/pottersbargarage.co.uk/wp-content/themes/salient/css/salient-dynamic-styles.css?ver=58792.css’ saved [101727/101727]

--2026-06-23 19:46:23--  https://pottersbargarage.co.uk/wp-json/wp/v2/posts/497
Reusing existing connection to pottersbargarage.co.uk:443.
HTTP request sent, awaiting response... 200 OK
Length: unspecified [application/json]
Saving to: ‘/Users/tarnewestcott/Development/pottersbargarage/legacy/pottersbargarage.co.uk/wp-json/wp/v2/posts/497’

     0K .......... .                                           40.8M=0s

Last-modified header missing -- time-stamps turned off.
2026-06-23 19:46:23 (40.8 MB/s) - ‘/Users/tarnewestcott/Development/pottersbargarage/legacy/pottersbargarage.co.uk/wp-json/wp/v2/posts/497’ saved [11561]

--2026-06-23 19:46:24--  https://pottersbargarage.co.uk/?p=497
Reusing existing connection to pottersbargarage.co.uk:443.
HTTP request sent, awaiting response... 301 Moved Permanently
Location: https://pottersbargarage.co.uk/servicing-repairs/exhaust-repair-in-enfield/ [following]
--2026-06-23 19:46:25--  https://pottersbargarage.co.uk/servicing-repairs/exhaust-repair-in-enfield/
Reusing existing connection to pottersbargarage.co.uk:443.
HTTP request sent, awaiting response... 200 OK
Length: unspecified [text/html]
Saving to: ‘/Users/tarnewestcott/Development/pottersbargarage/legacy/pottersbargarage.co.uk/index.html?p=497.tmp.html’

     0K .......... .......... .......... .......... ..........  912K
    50K .......... .......... .......... .......... .......... 1.85M
   100K .......... .......... .......... .......... .......... 11.2M
   150K .......... .......... .......... .                     15.1M=0.09s

Last-modified header missing -- time-stamps turned off.
2026-06-23 19:46:25 (2.03 MB/s) - ‘/Users/tarnewestcott/Development/pottersbargarage/legacy/pottersbargarage.co.uk/index.html?p=497.tmp.html’ saved [186265]

Removing /Users/tarnewestcott/Development/pottersbargarage/legacy/pottersbargarage.co.uk/index.html?p=497.tmp.html since it should be rejected.

--2026-06-23 19:46:26--  https://pottersbargarage.co.uk/wp-content/uploads/premium-addons-elementor/pafe-50.js?ver=1649675733
Reusing existing connection to pottersbargarage.co.uk:443.
HTTP request sent, awaiting response... 304 Not Modified
File ‘/Users/tarnewestcott/Development/pottersbargarage/legacy/pottersbargarage.co.uk/wp-content/uploads/premium-addons-elementor/pafe-50.js?ver=1649675733’ not modified on server. Omitting download.

--2026-06-23 19:46:27--  https://pottersbargarage.co.uk/wp-json/oembed/1.0/embed?url=https%3A%2F%2Fpottersbargarage.co.uk%2Fservicing-repairs%2Fmot-services-in-totteridge%2F
Reusing existing connection to pottersbargarage.co.uk:443.
HTTP request sent, awaiting response... 200 OK
Length: 2658 (2.6K) [application/json]
Saving to: ‘/Users/tarnewestcott/Development/pottersbargarage/legacy/pottersbargarage.co.uk/wp-json/oembed/1.0/embed?url=https:%2F%2Fpottersbargarage.co.uk%2Fservicing-repairs%2Fmot-services-in-totteridge%2F’

     0K ..                                                    100% 20.9M=0s

Last-modified header missing -- time-stamps turned off.
2026-06-23 19:46:27 (20.9 MB/s) - ‘/Users/tarnewestcott/Development/pottersbargarage/legacy/pottersbargarage.co.uk/wp-json/oembed/1.0/embed?url=https:%2F%2Fpottersbargarage.co.uk%2Fservicing-repairs%2Fmot-services-in-totteridge%2F’ saved [2658/2658]

--2026-06-23 19:46:28--  https://pottersbargarage.co.uk/wp-json/oembed/1.0/embed?url=https%3A%2F%2Fpottersbargarage.co.uk%2Fservicing-repairs%2Fmot-services-in-totteridge%2F&format=xml
Reusing existing connection to pottersbargarage.co.uk:443.
HTTP request sent, awaiting response... 200 OK
Length: 2801 (2.7K) [text/xml]
Saving to: ‘/Users/tarnewestcott/Development/pottersbargarage/legacy/pottersbargarage.co.uk/wp-json/oembed/1.0/embed?url=https:%2F%2Fpottersbargarage.co.uk%2Fservicing-repairs%2Fmot-services-in-totteridge%2F&format=xml’

     0K ..                                                    100% 12.4M=0s

Last-modified header missing -- time-stamps turned off.
2026-06-23 19:46:28 (12.4 MB/s) - ‘/Users/tarnewestcott/Development/pottersbargarage/legacy/pottersbargarage.co.uk/wp-json/oembed/1.0/embed?url=https:%2F%2Fpottersbargarage.co.uk%2Fservicing-repairs%2Fmot-services-in-totteridge%2F&format=xml’ saved [2801/2801]

--2026-06-23 19:46:28--  https://pottersbargarage.co.uk/wp-content/uploads/premium-addons-elementor/pafe-50.css?ver=1649676130
Reusing existing connection to pottersbargarage.co.uk:443.
HTTP request sent, awaiting response... 200 OK
Length: 15755 (15K) [text/css]
Saving to: ‘/Users/tarnewestcott/Development/pottersbargarage/legacy/pottersbargarage.co.uk/wp-content/uploads/premium-addons-elementor/pafe-50.css?ver=1649676130.css’

     0K .......... .....                                      100% 1.33G=0s

2026-06-23 19:46:28 (1.33 GB/s) - ‘/Users/tarnewestcott/Development/pottersbargarage/legacy/pottersbargarage.co.uk/wp-content/uploads/premium-addons-elementor/pafe-50.css?ver=1649676130.css’ saved [15755/15755]

--2026-06-23 19:46:29--  https://pottersbargarage.co.uk/wp-content/uploads/happyaddons/css/ha-50.css?ver=3.22.0.1649676130
Reusing existing connection to pottersbargarage.co.uk:443.
HTTP request sent, awaiting response... 200 OK
Length: 1376 (1.3K) [text/css]
Saving to: ‘/Users/tarnewestcott/Development/pottersbargarage/legacy/pottersbargarage.co.uk/wp-content/uploads/happyaddons/css/ha-50.css?ver=3.22.0.1649676130.css’

     0K .                                                     100% 4.25M=0s

2026-06-23 19:46:29 (4.25 MB/s) - ‘/Users/tarnewestcott/Development/pottersbargarage/legacy/pottersbargarage.co.uk/wp-content/uploads/happyaddons/css/ha-50.css?ver=3.22.0.1649676130.css’ saved [1376/1376]

--2026-06-23 19:46:30--  https://pottersbargarage.co.uk/wp-content/themes/salient/css/salient-dynamic-styles.css?ver=21169
Reusing existing connection to pottersbargarage.co.uk:443.
HTTP request sent, awaiting response... 200 OK
Length: 101727 (99K) [text/css]
Saving to: ‘/Users/tarnewestcott/Development/pottersbargarage/legacy/pottersbargarage.co.uk/wp-content/themes/salient/css/salient-dynamic-styles.css?ver=21169.css’

     0K .......... .......... .......... .......... .......... 50%  904K 0s
    50K .......... .......... .......... .......... ......... 100% 2.30M=0.08s

2026-06-23 19:46:30 (1.27 MB/s) - ‘/Users/tarnewestcott/Development/pottersbargarage/legacy/pottersbargarage.co.uk/wp-content/themes/salient/css/salient-dynamic-styles.css?ver=21169.css’ saved [101727/101727]

--2026-06-23 19:46:30--  https://pottersbargarage.co.uk/wp-json/wp/v2/posts/496
Reusing existing connection to pottersbargarage.co.uk:443.
HTTP request sent, awaiting response... 200 OK
Length: unspecified [application/json]
Saving to: ‘/Users/tarnewestcott/Development/pottersbargarage/legacy/pottersbargarage.co.uk/wp-json/wp/v2/posts/496’

     0K ..........                                              752M=0s

Last-modified header missing -- time-stamps turned off.
2026-06-23 19:46:30 (752 MB/s) - ‘/Users/tarnewestcott/Development/pottersbargarage/legacy/pottersbargarage.co.uk/wp-json/wp/v2/posts/496’ saved [11044]

--2026-06-23 19:46:31--  https://pottersbargarage.co.uk/?p=496
Reusing existing connection to pottersbargarage.co.uk:443.
HTTP request sent, awaiting response... 301 Moved Permanently
Location: https://pottersbargarage.co.uk/servicing-repairs/mot-services-in-totteridge/ [following]
--2026-06-23 19:46:32--  https://pottersbargarage.co.uk/servicing-repairs/mot-services-in-totteridge/
Reusing existing connection to pottersbargarage.co.uk:443.
HTTP request sent, awaiting response... 200 OK
Length: unspecified [text/html]
Saving to: ‘/Users/tarnewestcott/Development/pottersbargarage/legacy/pottersbargarage.co.uk/index.html?p=496.tmp.html’

     0K .......... .......... .......... .......... ..........  929K
    50K .......... .......... .......... .......... .......... 2.05M
   100K .......... .......... .......... .......... .......... 8.21M
   150K .......... .......... .......... .                     11.1M=0.09s

Last-modified header missing -- time-stamps turned off.
2026-06-23 19:46:32 (2.05 MB/s) - ‘/Users/tarnewestcott/Development/pottersbargarage/legacy/pottersbargarage.co.uk/index.html?p=496.tmp.html’ saved [185773]

Removing /Users/tarnewestcott/Development/pottersbargarage/legacy/pottersbargarage.co.uk/index.html?p=496.tmp.html since it should be rejected.

--2026-06-23 19:46:33--  https://pottersbargarage.co.uk/wp-content/uploads/premium-addons-elementor/pafe-50.js?ver=1649676130
Reusing existing connection to pottersbargarage.co.uk:443.
HTTP request sent, awaiting response... 304 Not Modified
File ‘/Users/tarnewestcott/Development/pottersbargarage/legacy/pottersbargarage.co.uk/wp-content/uploads/premium-addons-elementor/pafe-50.js?ver=1649676130’ not modified on server. Omitting download.

--2026-06-23 19:46:33--  https://pottersbargarage.co.uk/wp-json/oembed/1.0/embed?url=https%3A%2F%2Fpottersbargarage.co.uk%2Fservicing-repairs%2Fmot-services-in-potters-bar-en6-2qs%2F
Reusing existing connection to pottersbargarage.co.uk:443.
HTTP request sent, awaiting response... 200 OK
Length: 2700 (2.6K) [application/json]
Saving to: ‘/Users/tarnewestcott/Development/pottersbargarage/legacy/pottersbargarage.co.uk/wp-json/oembed/1.0/embed?url=https:%2F%2Fpottersbargarage.co.uk%2Fservicing-repairs%2Fmot-services-in-potters-bar-en6-2qs%2F’

     0K ..                                                    100%  234M=0s

Last-modified header missing -- time-stamps turned off.
2026-06-23 19:46:34 (234 MB/s) - ‘/Users/tarnewestcott/Development/pottersbargarage/legacy/pottersbargarage.co.uk/wp-json/oembed/1.0/embed?url=https:%2F%2Fpottersbargarage.co.uk%2Fservicing-repairs%2Fmot-services-in-potters-bar-en6-2qs%2F’ saved [2700/2700]

--2026-06-23 19:46:34--  https://pottersbargarage.co.uk/wp-json/oembed/1.0/embed?url=https%3A%2F%2Fpottersbargarage.co.uk%2Fservicing-repairs%2Fmot-services-in-potters-bar-en6-2qs%2F&format=xml
Reusing existing connection to pottersbargarage.co.uk:443.
HTTP request sent, awaiting response... 200 OK
Length: 2843 (2.8K) [text/xml]
Saving to: ‘/Users/tarnewestcott/Development/pottersbargarage/legacy/pottersbargarage.co.uk/wp-json/oembed/1.0/embed?url=https:%2F%2Fpottersbargarage.co.uk%2Fservicing-repairs%2Fmot-services-in-potters-bar-en6-2qs%2F&format=xml’

     0K ..                                                    100% 14.0M=0s

Last-modified header missing -- time-stamps turned off.
2026-06-23 19:46:34 (14.0 MB/s) - ‘/Users/tarnewestcott/Development/pottersbargarage/legacy/pottersbargarage.co.uk/wp-json/oembed/1.0/embed?url=https:%2F%2Fpottersbargarage.co.uk%2Fservicing-repairs%2Fmot-services-in-potters-bar-en6-2qs%2F&format=xml’ saved [2843/2843]

--2026-06-23 19:46:35--  https://pottersbargarage.co.uk/wp-content/uploads/premium-addons-elementor/pafe-50.css?ver=1649676425
Reusing existing connection to pottersbargarage.co.uk:443.
HTTP request sent, awaiting response... 200 OK
Length: 15755 (15K) [text/css]
Saving to: ‘/Users/tarnewestcott/Development/pottersbargarage/legacy/pottersbargarage.co.uk/wp-content/uploads/premium-addons-elementor/pafe-50.css?ver=1649676425.css’

     0K .......... .....                                      100% 1.47G=0s

2026-06-23 19:46:35 (1.47 GB/s) - ‘/Users/tarnewestcott/Development/pottersbargarage/legacy/pottersbargarage.co.uk/wp-content/uploads/premium-addons-elementor/pafe-50.css?ver=1649676425.css’ saved [15755/15755]

--2026-06-23 19:46:35--  https://pottersbargarage.co.uk/wp-content/uploads/happyaddons/css/ha-50.css?ver=3.22.0.1649676425
Reusing existing connection to pottersbargarage.co.uk:443.
HTTP request sent, awaiting response... 200 OK
Length: 1376 (1.3K) [text/css]
Saving to: ‘/Users/tarnewestcott/Development/pottersbargarage/legacy/pottersbargarage.co.uk/wp-content/uploads/happyaddons/css/ha-50.css?ver=3.22.0.1649676425.css’

     0K .                                                     100% 5.71M=0s

2026-06-23 19:46:35 (5.71 MB/s) - ‘/Users/tarnewestcott/Development/pottersbargarage/legacy/pottersbargarage.co.uk/wp-content/uploads/happyaddons/css/ha-50.css?ver=3.22.0.1649676425.css’ saved [1376/1376]

--2026-06-23 19:46:36--  https://pottersbargarage.co.uk/wp-content/themes/salient/css/salient-dynamic-styles.css?ver=46036
Reusing existing connection to pottersbargarage.co.uk:443.
HTTP request sent, awaiting response... 200 OK
Length: 101727 (99K) [text/css]
Saving to: ‘/Users/tarnewestcott/Development/pottersbargarage/legacy/pottersbargarage.co.uk/wp-content/themes/salient/css/salient-dynamic-styles.css?ver=46036.css’

     0K .......... .......... .......... .......... .......... 50%  918K 0s
    50K .......... .......... .......... .......... ......... 100% 4.15M=0.07s

2026-06-23 19:46:36 (1.47 MB/s) - ‘/Users/tarnewestcott/Development/pottersbargarage/legacy/pottersbargarage.co.uk/wp-content/themes/salient/css/salient-dynamic-styles.css?ver=46036.css’ saved [101727/101727]

--2026-06-23 19:46:36--  https://pottersbargarage.co.uk/wp-json/wp/v2/posts/493
Reusing existing connection to pottersbargarage.co.uk:443.
HTTP request sent, awaiting response... 200 OK
Length: unspecified [application/json]
Saving to: ‘/Users/tarnewestcott/Development/pottersbargarage/legacy/pottersbargarage.co.uk/wp-json/wp/v2/posts/493’

     0K .......... .                                            812M=0s

Last-modified header missing -- time-stamps turned off.
2026-06-23 19:46:37 (812 MB/s) - ‘/Users/tarnewestcott/Development/pottersbargarage/legacy/pottersbargarage.co.uk/wp-json/wp/v2/posts/493’ saved [11918]

--2026-06-23 19:46:37--  https://pottersbargarage.co.uk/?p=493
Reusing existing connection to pottersbargarage.co.uk:443.
HTTP request sent, awaiting response... 301 Moved Permanently
Location: https://pottersbargarage.co.uk/servicing-repairs/mot-services-in-potters-bar-en6-2qs/ [following]
--2026-06-23 19:46:38--  https://pottersbargarage.co.uk/servicing-repairs/mot-services-in-potters-bar-en6-2qs/
Reusing existing connection to pottersbargarage.co.uk:443.
HTTP request sent, awaiting response... 200 OK
Length: unspecified [text/html]
Saving to: ‘/Users/tarnewestcott/Development/pottersbargarage/legacy/pottersbargarage.co.uk/index.html?p=493.tmp.html’

     0K .......... .......... .......... .......... ..........  943K
    50K .......... .......... .......... .......... .......... 1.93M
   100K .......... .......... .......... .......... .......... 7.04M
   150K .......... .......... .......... ..                    34.0M=0.09s

Last-modified header missing -- time-stamps turned off.
2026-06-23 19:46:38 (2.07 MB/s) - ‘/Users/tarnewestcott/Development/pottersbargarage/legacy/pottersbargarage.co.uk/index.html?p=493.tmp.html’ saved [186542]

Removing /Users/tarnewestcott/Development/pottersbargarage/legacy/pottersbargarage.co.uk/index.html?p=493.tmp.html since it should be rejected.

--2026-06-23 19:46:39--  https://pottersbargarage.co.uk/wp-content/uploads/premium-addons-elementor/pafe-50.js?ver=1649676425
Reusing existing connection to pottersbargarage.co.uk:443.
HTTP request sent, awaiting response... 304 Not Modified
File ‘/Users/tarnewestcott/Development/pottersbargarage/legacy/pottersbargarage.co.uk/wp-content/uploads/premium-addons-elementor/pafe-50.js?ver=1649676425’ not modified on server. Omitting download.

--2026-06-23 19:46:39--  https://pottersbargarage.co.uk/wp-json/oembed/1.0/embed?url=https%3A%2F%2Fpottersbargarage.co.uk%2Fservicing-repairs%2Fdiagnostics-in-potters-bar-en6%2F
Reusing existing connection to pottersbargarage.co.uk:443.
HTTP request sent, awaiting response... 200 OK
Length: 2738 (2.7K) [application/json]
Saving to: ‘/Users/tarnewestcott/Development/pottersbargarage/legacy/pottersbargarage.co.uk/wp-json/oembed/1.0/embed?url=https:%2F%2Fpottersbargarage.co.uk%2Fservicing-repairs%2Fdiagnostics-in-potters-bar-en6%2F’

     0K ..                                                    100%  218M=0s

Last-modified header missing -- time-stamps turned off.
2026-06-23 19:46:40 (218 MB/s) - ‘/Users/tarnewestcott/Development/pottersbargarage/legacy/pottersbargarage.co.uk/wp-json/oembed/1.0/embed?url=https:%2F%2Fpottersbargarage.co.uk%2Fservicing-repairs%2Fdiagnostics-in-potters-bar-en6%2F’ saved [2738/2738]

--2026-06-23 19:46:40--  https://pottersbargarage.co.uk/wp-json/oembed/1.0/embed?url=https%3A%2F%2Fpottersbargarage.co.uk%2Fservicing-repairs%2Fdiagnostics-in-potters-bar-en6%2F&format=xml
Reusing existing connection to pottersbargarage.co.uk:443.
HTTP request sent, awaiting response... 200 OK
Length: 2887 (2.8K) [text/xml]
Saving to: ‘/Users/tarnewestcott/Development/pottersbargarage/legacy/pottersbargarage.co.uk/wp-json/oembed/1.0/embed?url=https:%2F%2Fpottersbargarage.co.uk%2Fservicing-repairs%2Fdiagnostics-in-potters-bar-en6%2F&format=xml’

     0K ..                                                    100% 16.2M=0s

Last-modified header missing -- time-stamps turned off.
2026-06-23 19:46:40 (16.2 MB/s) - ‘/Users/tarnewestcott/Development/pottersbargarage/legacy/pottersbargarage.co.uk/wp-json/oembed/1.0/embed?url=https:%2F%2Fpottersbargarage.co.uk%2Fservicing-repairs%2Fdiagnostics-in-potters-bar-en6%2F&format=xml’ saved [2887/2887]

--2026-06-23 19:46:41--  https://pottersbargarage.co.uk/wp-content/uploads/premium-addons-elementor/pafe-50.css?ver=1649676684
Reusing existing connection to pottersbargarage.co.uk:443.
HTTP request sent, awaiting response... 200 OK
Length: 15755 (15K) [text/css]
Saving to: ‘/Users/tarnewestcott/Development/pottersbargarage/legacy/pottersbargarage.co.uk/wp-content/uploads/premium-addons-elementor/pafe-50.css?ver=1649676684.css’

     0K .......... .....                                      100% 1.47G=0s

2026-06-23 19:46:41 (1.47 GB/s) - ‘/Users/tarnewestcott/Development/pottersbargarage/legacy/pottersbargarage.co.uk/wp-content/uploads/premium-addons-elementor/pafe-50.css?ver=1649676684.css’ saved [15755/15755]

--2026-06-23 19:46:41--  https://pottersbargarage.co.uk/wp-content/uploads/happyaddons/css/ha-50.css?ver=3.22.0.1649676684
Reusing existing connection to pottersbargarage.co.uk:443.
HTTP request sent, awaiting response... 200 OK
Length: 1376 (1.3K) [text/css]
Saving to: ‘/Users/tarnewestcott/Development/pottersbargarage/legacy/pottersbargarage.co.uk/wp-content/uploads/happyaddons/css/ha-50.css?ver=3.22.0.1649676684.css’

     0K .                                                     100% 5.09M=0s

2026-06-23 19:46:41 (5.09 MB/s) - ‘/Users/tarnewestcott/Development/pottersbargarage/legacy/pottersbargarage.co.uk/wp-content/uploads/happyaddons/css/ha-50.css?ver=3.22.0.1649676684.css’ saved [1376/1376]

--2026-06-23 19:46:42--  https://pottersbargarage.co.uk/wp-content/themes/salient/css/salient-dynamic-styles.css?ver=51659
Reusing existing connection to pottersbargarage.co.uk:443.
HTTP request sent, awaiting response... 200 OK
Length: 101727 (99K) [text/css]
Saving to: ‘/Users/tarnewestcott/Development/pottersbargarage/legacy/pottersbargarage.co.uk/wp-content/themes/salient/css/salient-dynamic-styles.css?ver=51659.css’

     0K .......... .......... .......... .......... .......... 50%  903K 0s
    50K .......... .......... .......... .......... ......... 100% 2.11M=0.08s

2026-06-23 19:46:42 (1.24 MB/s) - ‘/Users/tarnewestcott/Development/pottersbargarage/legacy/pottersbargarage.co.uk/wp-content/themes/salient/css/salient-dynamic-styles.css?ver=51659.css’ saved [101727/101727]

--2026-06-23 19:46:42--  https://pottersbargarage.co.uk/wp-json/wp/v2/posts/472
Reusing existing connection to pottersbargarage.co.uk:443.
HTTP request sent, awaiting response... 200 OK
Length: unspecified [application/json]
Saving to: ‘/Users/tarnewestcott/Development/pottersbargarage/legacy/pottersbargarage.co.uk/wp-json/wp/v2/posts/472’

     0K ..........                                             56.3M=0s

Last-modified header missing -- time-stamps turned off.
2026-06-23 19:46:43 (56.3 MB/s) - ‘/Users/tarnewestcott/Development/pottersbargarage/legacy/pottersbargarage.co.uk/wp-json/wp/v2/posts/472’ saved [10973]

--2026-06-23 19:46:43--  https://pottersbargarage.co.uk/?p=472
Reusing existing connection to pottersbargarage.co.uk:443.
HTTP request sent, awaiting response... 301 Moved Permanently
Location: https://pottersbargarage.co.uk/servicing-repairs/diagnostics-in-potters-bar-en6/ [following]
--2026-06-23 19:46:44--  https://pottersbargarage.co.uk/servicing-repairs/diagnostics-in-potters-bar-en6/
Reusing existing connection to pottersbargarage.co.uk:443.
HTTP request sent, awaiting response... 200 OK
Length: unspecified [text/html]
Saving to: ‘/Users/tarnewestcott/Development/pottersbargarage/legacy/pottersbargarage.co.uk/index.html?p=472.tmp.html’

     0K .......... .......... .......... .......... ..........  877K
    50K .......... .......... .......... .......... .......... 1.83M
   100K .......... .......... .......... .......... .......... 12.4M
   150K .......... .......... .......... .                     21.4M=0.09s

Last-modified header missing -- time-stamps turned off.
2026-06-23 19:46:45 (1.99 MB/s) - ‘/Users/tarnewestcott/Development/pottersbargarage/legacy/pottersbargarage.co.uk/index.html?p=472.tmp.html’ saved [185703]

Removing /Users/tarnewestcott/Development/pottersbargarage/legacy/pottersbargarage.co.uk/index.html?p=472.tmp.html since it should be rejected.

--2026-06-23 19:46:45--  https://pottersbargarage.co.uk/wp-content/uploads/premium-addons-elementor/pafe-50.js?ver=1649676684
Reusing existing connection to pottersbargarage.co.uk:443.
HTTP request sent, awaiting response... 304 Not Modified
File ‘/Users/tarnewestcott/Development/pottersbargarage/legacy/pottersbargarage.co.uk/wp-content/uploads/premium-addons-elementor/pafe-50.js?ver=1649676684’ not modified on server. Omitting download.

--2026-06-23 19:46:45--  https://pottersbargarage.co.uk/wp-json/oembed/1.0/embed?url=https%3A%2F%2Fpottersbargarage.co.uk%2Fservicing-repairs%2Fcar-servicing-barnet-en4%2F
Reusing existing connection to pottersbargarage.co.uk:443.
HTTP request sent, awaiting response... 200 OK
Length: 2680 (2.6K) [application/json]
Saving to: ‘/Users/tarnewestcott/Development/pottersbargarage/legacy/pottersbargarage.co.uk/wp-json/oembed/1.0/embed?url=https:%2F%2Fpottersbargarage.co.uk%2Fservicing-repairs%2Fcar-servicing-barnet-en4%2F’

     0K ..                                                    100%  213M=0s

Last-modified header missing -- time-stamps turned off.
2026-06-23 19:46:45 (213 MB/s) - ‘/Users/tarnewestcott/Development/pottersbargarage/legacy/pottersbargarage.co.uk/wp-json/oembed/1.0/embed?url=https:%2F%2Fpottersbargarage.co.uk%2Fservicing-repairs%2Fcar-servicing-barnet-en4%2F’ saved [2680/2680]

--2026-06-23 19:46:46--  https://pottersbargarage.co.uk/wp-json/oembed/1.0/embed?url=https%3A%2F%2Fpottersbargarage.co.uk%2Fservicing-repairs%2Fcar-servicing-barnet-en4%2F&format=xml
Reusing existing connection to pottersbargarage.co.uk:443.
HTTP request sent, awaiting response... 200 OK
Length: 2835 (2.8K) [text/xml]
Saving to: ‘/Users/tarnewestcott/Development/pottersbargarage/legacy/pottersbargarage.co.uk/wp-json/oembed/1.0/embed?url=https:%2F%2Fpottersbargarage.co.uk%2Fservicing-repairs%2Fcar-servicing-barnet-en4%2F&format=xml’

     0K ..                                                    100% 15.5M=0s

Last-modified header missing -- time-stamps turned off.
2026-06-23 19:46:46 (15.5 MB/s) - ‘/Users/tarnewestcott/Development/pottersbargarage/legacy/pottersbargarage.co.uk/wp-json/oembed/1.0/embed?url=https:%2F%2Fpottersbargarage.co.uk%2Fservicing-repairs%2Fcar-servicing-barnet-en4%2F&format=xml’ saved [2835/2835]

--2026-06-23 19:46:47--  https://pottersbargarage.co.uk/wp-content/uploads/premium-addons-elementor/pafe-50.css?ver=1649676950
Reusing existing connection to pottersbargarage.co.uk:443.
HTTP request sent, awaiting response... 200 OK
Length: 15755 (15K) [text/css]
Saving to: ‘/Users/tarnewestcott/Development/pottersbargarage/legacy/pottersbargarage.co.uk/wp-content/uploads/premium-addons-elementor/pafe-50.css?ver=1649676950.css’

     0K .......... .....                                      100% 1.83G=0s

2026-06-23 19:46:47 (1.83 GB/s) - ‘/Users/tarnewestcott/Development/pottersbargarage/legacy/pottersbargarage.co.uk/wp-content/uploads/premium-addons-elementor/pafe-50.css?ver=1649676950.css’ saved [15755/15755]

--2026-06-23 19:46:47--  https://pottersbargarage.co.uk/wp-content/uploads/happyaddons/css/ha-50.css?ver=3.22.0.1649676950
Reusing existing connection to pottersbargarage.co.uk:443.
HTTP request sent, awaiting response... 200 OK
Length: 1376 (1.3K) [text/css]
Saving to: ‘/Users/tarnewestcott/Development/pottersbargarage/legacy/pottersbargarage.co.uk/wp-content/uploads/happyaddons/css/ha-50.css?ver=3.22.0.1649676950.css’

     0K .                                                     100% 3.99M=0s

2026-06-23 19:46:47 (3.99 MB/s) - ‘/Users/tarnewestcott/Development/pottersbargarage/legacy/pottersbargarage.co.uk/wp-content/uploads/happyaddons/css/ha-50.css?ver=3.22.0.1649676950.css’ saved [1376/1376]

--2026-06-23 19:46:48--  https://pottersbargarage.co.uk/wp-content/themes/salient/css/salient-dynamic-styles.css?ver=1292
Reusing existing connection to pottersbargarage.co.uk:443.
HTTP request sent, awaiting response... 200 OK
Length: 101727 (99K) [text/css]
Saving to: ‘/Users/tarnewestcott/Development/pottersbargarage/legacy/pottersbargarage.co.uk/wp-content/themes/salient/css/salient-dynamic-styles.css?ver=1292.css’

     0K .......... .......... .......... .......... .......... 50%  868K 0s
    50K .......... .......... .......... .......... ......... 100% 2.35M=0.08s

2026-06-23 19:46:48 (1.24 MB/s) - ‘/Users/tarnewestcott/Development/pottersbargarage/legacy/pottersbargarage.co.uk/wp-content/themes/salient/css/salient-dynamic-styles.css?ver=1292.css’ saved [101727/101727]

--2026-06-23 19:46:48--  https://pottersbargarage.co.uk/wp-json/wp/v2/posts/465
Reusing existing connection to pottersbargarage.co.uk:443.
HTTP request sent, awaiting response... 200 OK
Length: unspecified [application/json]
Saving to: ‘/Users/tarnewestcott/Development/pottersbargarage/legacy/pottersbargarage.co.uk/wp-json/wp/v2/posts/465’

     0K ..........                                              535M=0s

Last-modified header missing -- time-stamps turned off.
2026-06-23 19:46:49 (535 MB/s) - ‘/Users/tarnewestcott/Development/pottersbargarage/legacy/pottersbargarage.co.uk/wp-json/wp/v2/posts/465’ saved [10662]

--2026-06-23 19:46:49--  https://pottersbargarage.co.uk/?p=465
Reusing existing connection to pottersbargarage.co.uk:443.
HTTP request sent, awaiting response... 301 Moved Permanently
Location: https://pottersbargarage.co.uk/servicing-repairs/car-servicing-barnet-en4/ [following]
--2026-06-23 19:46:50--  https://pottersbargarage.co.uk/servicing-repairs/car-servicing-barnet-en4/
Reusing existing connection to pottersbargarage.co.uk:443.
HTTP request sent, awaiting response... 200 OK
Length: unspecified [text/html]
Saving to: ‘/Users/tarnewestcott/Development/pottersbargarage/legacy/pottersbargarage.co.uk/index.html?p=465.tmp.html’

     0K .......... .......... .......... .......... ..........  857K
    50K .......... .......... .......... .......... .......... 2.17M
   100K .......... .......... .......... .......... .......... 8.04M
   150K .......... .......... .......... .                     8.50M=0.09s

Last-modified header missing -- time-stamps turned off.
2026-06-23 19:46:50 (1.96 MB/s) - ‘/Users/tarnewestcott/Development/pottersbargarage/legacy/pottersbargarage.co.uk/index.html?p=465.tmp.html’ saved [185491]

Removing /Users/tarnewestcott/Development/pottersbargarage/legacy/pottersbargarage.co.uk/index.html?p=465.tmp.html since it should be rejected.

--2026-06-23 19:46:51--  https://pottersbargarage.co.uk/wp-content/uploads/premium-addons-elementor/pafe-50.js?ver=1649676950
Reusing existing connection to pottersbargarage.co.uk:443.
HTTP request sent, awaiting response... 304 Not Modified
File ‘/Users/tarnewestcott/Development/pottersbargarage/legacy/pottersbargarage.co.uk/wp-content/uploads/premium-addons-elementor/pafe-50.js?ver=1649676950’ not modified on server. Omitting download.

--2026-06-23 19:46:52--  https://pottersbargarage.co.uk/wp-json/oembed/1.0/embed?url=https%3A%2F%2Fpottersbargarage.co.uk%2Fservicing-repairs%2Fair-conditioning-servicing-in-potters-bar-en6%2F
Reusing existing connection to pottersbargarage.co.uk:443.
HTTP request sent, awaiting response... 200 OK
Length: 2777 (2.7K) [application/json]
Saving to: ‘/Users/tarnewestcott/Development/pottersbargarage/legacy/pottersbargarage.co.uk/wp-json/oembed/1.0/embed?url=https:%2F%2Fpottersbargarage.co.uk%2Fservicing-repairs%2Fair-conditioning-servicing-in-potters-bar-en6%2F’

     0K ..                                                    100% 17.2M=0s

Last-modified header missing -- time-stamps turned off.
2026-06-23 19:46:52 (17.2 MB/s) - ‘/Users/tarnewestcott/Development/pottersbargarage/legacy/pottersbargarage.co.uk/wp-json/oembed/1.0/embed?url=https:%2F%2Fpottersbargarage.co.uk%2Fservicing-repairs%2Fair-conditioning-servicing-in-potters-bar-en6%2F’ saved [2777/2777]

--2026-06-23 19:46:52--  https://pottersbargarage.co.uk/wp-json/oembed/1.0/embed?url=https%3A%2F%2Fpottersbargarage.co.uk%2Fservicing-repairs%2Fair-conditioning-servicing-in-potters-bar-en6%2F&format=xml
Reusing existing connection to pottersbargarage.co.uk:443.
HTTP request sent, awaiting response... 200 OK
Length: 2926 (2.9K) [text/xml]
Saving to: ‘/Users/tarnewestcott/Development/pottersbargarage/legacy/pottersbargarage.co.uk/wp-json/oembed/1.0/embed?url=https:%2F%2Fpottersbargarage.co.uk%2Fservicing-repairs%2Fair-conditioning-servicing-in-potters-bar-en6%2F&format=xml’

     0K ..                                                    100%  399M=0s

Last-modified header missing -- time-stamps turned off.
2026-06-23 19:46:52 (399 MB/s) - ‘/Users/tarnewestcott/Development/pottersbargarage/legacy/pottersbargarage.co.uk/wp-json/oembed/1.0/embed?url=https:%2F%2Fpottersbargarage.co.uk%2Fservicing-repairs%2Fair-conditioning-servicing-in-potters-bar-en6%2F&format=xml’ saved [2926/2926]

--2026-06-23 19:46:53--  https://pottersbargarage.co.uk/wp-content/uploads/premium-addons-elementor/pafe-50.css?ver=1649677367
Reusing existing connection to pottersbargarage.co.uk:443.
HTTP request sent, awaiting response... 200 OK
Length: 15755 (15K) [text/css]
Saving to: ‘/Users/tarnewestcott/Development/pottersbargarage/legacy/pottersbargarage.co.uk/wp-content/uploads/premium-addons-elementor/pafe-50.css?ver=1649677367.css’

     0K .......... .....                                      100%  681K=0.02s

2026-06-23 19:46:53 (681 KB/s) - ‘/Users/tarnewestcott/Development/pottersbargarage/legacy/pottersbargarage.co.uk/wp-content/uploads/premium-addons-elementor/pafe-50.css?ver=1649677367.css’ saved [15755/15755]

--2026-06-23 19:46:53--  https://pottersbargarage.co.uk/wp-content/uploads/happyaddons/css/ha-50.css?ver=3.22.0.1649677367
Reusing existing connection to pottersbargarage.co.uk:443.
HTTP request sent, awaiting response... 200 OK
Length: 1376 (1.3K) [text/css]
Saving to: ‘/Users/tarnewestcott/Development/pottersbargarage/legacy/pottersbargarage.co.uk/wp-content/uploads/happyaddons/css/ha-50.css?ver=3.22.0.1649677367.css’

     0K .                                                     100%  187M=0s

2026-06-23 19:46:54 (187 MB/s) - ‘/Users/tarnewestcott/Development/pottersbargarage/legacy/pottersbargarage.co.uk/wp-content/uploads/happyaddons/css/ha-50.css?ver=3.22.0.1649677367.css’ saved [1376/1376]

--2026-06-23 19:46:54--  https://pottersbargarage.co.uk/wp-content/themes/salient/css/salient-dynamic-styles.css?ver=51615
Reusing existing connection to pottersbargarage.co.uk:443.
HTTP request sent, awaiting response... 200 OK
Length: 101727 (99K) [text/css]
Saving to: ‘/Users/tarnewestcott/Development/pottersbargarage/legacy/pottersbargarage.co.uk/wp-content/themes/salient/css/salient-dynamic-styles.css?ver=51615.css’

     0K .......... .......... .......... .......... .......... 50%  899K 0s
    50K .......... .......... .......... .......... ......... 100% 2.39M=0.08s

2026-06-23 19:46:54 (1.28 MB/s) - ‘/Users/tarnewestcott/Development/pottersbargarage/legacy/pottersbargarage.co.uk/wp-content/themes/salient/css/salient-dynamic-styles.css?ver=51615.css’ saved [101727/101727]

--2026-06-23 19:46:55--  https://pottersbargarage.co.uk/wp-json/wp/v2/posts/463
Reusing existing connection to pottersbargarage.co.uk:443.
HTTP request sent, awaiting response... 200 OK
Length: unspecified [application/json]
Saving to: ‘/Users/tarnewestcott/Development/pottersbargarage/legacy/pottersbargarage.co.uk/wp-json/wp/v2/posts/463’

     0K .......... ..                                          64.2M=0s

Last-modified header missing -- time-stamps turned off.
2026-06-23 19:46:55 (64.2 MB/s) - ‘/Users/tarnewestcott/Development/pottersbargarage/legacy/pottersbargarage.co.uk/wp-json/wp/v2/posts/463’ saved [12317]

--2026-06-23 19:46:55--  https://pottersbargarage.co.uk/?p=463
Reusing existing connection to pottersbargarage.co.uk:443.
HTTP request sent, awaiting response... 301 Moved Permanently
Location: https://pottersbargarage.co.uk/servicing-repairs/air-conditioning-servicing-in-potters-bar-en6/ [following]
--2026-06-23 19:46:56--  https://pottersbargarage.co.uk/servicing-repairs/air-conditioning-servicing-in-potters-bar-en6/
Reusing existing connection to pottersbargarage.co.uk:443.
HTTP request sent, awaiting response... 200 OK
Length: unspecified [text/html]
Saving to: ‘/Users/tarnewestcott/Development/pottersbargarage/legacy/pottersbargarage.co.uk/index.html?p=463.tmp.html’

     0K .......... .......... .......... .......... ..........  902K
    50K .......... .......... .......... .......... .......... 2.00M
   100K .......... .......... .......... .......... .......... 13.0M
   150K .......... .......... .......... .                     8.06M=0.09s

Last-modified header missing -- time-stamps turned off.
2026-06-23 19:46:57 (2.03 MB/s) - ‘/Users/tarnewestcott/Development/pottersbargarage/legacy/pottersbargarage.co.uk/index.html?p=463.tmp.html’ saved [186277]

Removing /Users/tarnewestcott/Development/pottersbargarage/legacy/pottersbargarage.co.uk/index.html?p=463.tmp.html since it should be rejected.

--2026-06-23 19:46:57--  https://pottersbargarage.co.uk/wp-content/uploads/premium-addons-elementor/pafe-50.js?ver=1649677367
Reusing existing connection to pottersbargarage.co.uk:443.
HTTP request sent, awaiting response... 304 Not Modified
File ‘/Users/tarnewestcott/Development/pottersbargarage/legacy/pottersbargarage.co.uk/wp-content/uploads/premium-addons-elementor/pafe-50.js?ver=1649677367’ not modified on server. Omitting download.

--2026-06-23 19:46:58--  https://pottersbargarage.co.uk/wp-content/uploads/2022/04/2-3-1.png
Reusing existing connection to pottersbargarage.co.uk:443.
HTTP request sent, awaiting response... 304 Not Modified
File ‘/Users/tarnewestcott/Development/pottersbargarage/legacy/pottersbargarage.co.uk/wp-content/uploads/2022/04/2-3-1.png’ not modified on server. Omitting download.

--2026-06-23 19:46:59--  https://pottersbargarage.co.uk/author/admin/feed/
Reusing existing connection to pottersbargarage.co.uk:443.
HTTP request sent, awaiting response... 304 Not Modified
File ‘/Users/tarnewestcott/Development/pottersbargarage/legacy/pottersbargarage.co.uk/author/admin/feed/index.html’ not modified on server. Omitting download.

--2026-06-23 19:46:59--  https://pottersbargarage.co.uk/wp-content/themes/salient/css/salient-dynamic-styles.css?ver=29947
Reusing existing connection to pottersbargarage.co.uk:443.
HTTP request sent, awaiting response... 200 OK
Length: 101727 (99K) [text/css]
Saving to: ‘/Users/tarnewestcott/Development/pottersbargarage/legacy/pottersbargarage.co.uk/wp-content/themes/salient/css/salient-dynamic-styles.css?ver=29947.css’

     0K .......... .......... .......... .......... .......... 50%  210K 0s
    50K .......... .......... .......... .......... ......... 100% 1.12M=0.3s

2026-06-23 19:47:00 (354 KB/s) - ‘/Users/tarnewestcott/Development/pottersbargarage/legacy/pottersbargarage.co.uk/wp-content/themes/salient/css/salient-dynamic-styles.css?ver=29947.css’ saved [101727/101727]

--2026-06-23 19:47:00--  https://pottersbargarage.co.uk/wp-json/wp/v2/users/1
Reusing existing connection to pottersbargarage.co.uk:443.
HTTP request sent, awaiting response... 404 Not Found
2026-06-23 19:47:00 ERROR 404: Not Found.

FINISHED --2026-06-23 19:47:00--
Total wall clock time: 6m 3s
Downloaded: 269 files, 15M in 8.4s (1.75 MB/s)
Converting links in /Users/tarnewestcott/Development/pottersbargarage/legacy/pottersbargarage.co.uk/contact/index.html... 104.
102-2
Converting links in /Users/tarnewestcott/Development/pottersbargarage/legacy/pottersbargarage.co.uk/servicing-repairs/exhaust-repair-in-enfield/index.html... 109.
102-7
Converting links in /Users/tarnewestcott/Development/pottersbargarage/legacy/pottersbargarage.co.uk/servicing-repairs/car-care-and-assisted-living/index.html... 109.
102-7
Converting links in /Users/tarnewestcott/Development/pottersbargarage/legacy/pottersbargarage.co.uk/about/index.html... 137.
134-3
Converting links in /Users/tarnewestcott/Development/pottersbargarage/legacy/pottersbargarage.co.uk/servicing-repairs/mot-services-in-potters-bar-en6-2qs/index.html... 109.
102-7
Converting links in /Users/tarnewestcott/Development/pottersbargarage/legacy/pottersbargarage.co.uk/wheel-alignment/index.html... 139.
137-2
Converting links in /Users/tarnewestcott/Development/pottersbargarage/legacy/pottersbargarage.co.uk/batteries/index.html... 140.
137-3
Converting links in /Users/tarnewestcott/Development/pottersbargarage/legacy/pottersbargarage.co.uk/diagnostics/index.html... 139.
137-2
Converting links in /Users/tarnewestcott/Development/pottersbargarage/legacy/pottersbargarage.co.uk/blog/index.html... 115.
113-2
Converting links in /Users/tarnewestcott/Development/pottersbargarage/legacy/pottersbargarage.co.uk/category/servicing-repairs/index.html... 110.
109-1
Converting links in /Users/tarnewestcott/Development/pottersbargarage/legacy/pottersbargarage.co.uk/exhausts/index.html... 139.
137-2
Converting links in /Users/tarnewestcott/Development/pottersbargarage/legacy/pottersbargarage.co.uk/servicing-repairs/diagnostics-in-potters-bar-en6/index.html... 109.
102-7
Converting links in /Users/tarnewestcott/Development/pottersbargarage/legacy/pottersbargarage.co.uk/servicing-repairs/signs-that-exhaust-system-needs-repair/index.html... 109.
102-7
Converting links in /Users/tarnewestcott/Development/pottersbargarage/legacy/pottersbargarage.co.uk/index.html... 138.
137-1
Converting links in /Users/tarnewestcott/Development/pottersbargarage/legacy/pottersbargarage.co.uk/servicing-repairs/car-servicing-barnet-en4/index.html... 109.
102-7
Converting links in /Users/tarnewestcott/Development/pottersbargarage/legacy/pottersbargarage.co.uk/brakes/index.html... 139.
137-2
Converting links in /Users/tarnewestcott/Development/pottersbargarage/legacy/pottersbargarage.co.uk/mot/index.html... 139.
137-2
Converting links in /Users/tarnewestcott/Development/pottersbargarage/legacy/pottersbargarage.co.uk/author/admin/index.html... 109.
108-1
Converting links in /Users/tarnewestcott/Development/pottersbargarage/legacy/pottersbargarage.co.uk/air-conditioning/index.html... 140.
137-3
Converting links in /Users/tarnewestcott/Development/pottersbargarage/legacy/pottersbargarage.co.uk/electric-hybrid/index.html... 139.
137-2
Converting links in /Users/tarnewestcott/Development/pottersbargarage/legacy/pottersbargarage.co.uk/servicing-repairs/mot-services-in-totteridge/index.html... 110.
103-7
Converting links in /Users/tarnewestcott/Development/pottersbargarage/legacy/pottersbargarage.co.uk/servicing-repairs/car-servicing-in-totteridge-n20/index.html... 110.
103-7
Converting links in /Users/tarnewestcott/Development/pottersbargarage/legacy/pottersbargarage.co.uk/servicing-repairs/air-conditioning-servicing-in-potters-bar-en6/index.html... 109.
102-7
Converting links in /Users/tarnewestcott/Development/pottersbargarage/legacy/pottersbargarage.co.uk/services/index.html... 120.
118-2
Converting links in /Users/tarnewestcott/Development/pottersbargarage/legacy/pottersbargarage.co.uk/servicing/index.html... 139.
137-2
Converting links in /Users/tarnewestcott/Development/pottersbargarage/legacy/pottersbargarage.co.uk/bodywork/index.html... 139.
137-2
Converting links in /Users/tarnewestcott/Development/pottersbargarage/legacy/pottersbargarage.co.uk/wp-content/uploads/premium-addons-elementor/pafe-50.css?ver=1649676130.css... nothing to do.
Converting links in /Users/tarnewestcott/Development/pottersbargarage/legacy/pottersbargarage.co.uk/wp-content/themes/salient/css/salient-dynamic-styles.css?ver=28441.css... nothing to do.
Converting links in /Users/tarnewestcott/Development/pottersbargarage/legacy/pottersbargarage.co.uk/wp-content/themes/salient/css/salient-dynamic-styles.css?ver=30041.css... nothing to do.
Converting links in /Users/tarnewestcott/Development/pottersbargarage/legacy/pottersbargarage.co.uk/wp-content/plugins/salient-social/css/style.css?ver=1.2.css... nothing to do.
Converting links in /Users/tarnewestcott/Development/pottersbargarage/legacy/pottersbargarage.co.uk/wp-content/uploads/happyaddons/css/ha-50.css?ver=3.22.0.1649676425.css... nothing to do.
Converting links in /Users/tarnewestcott/Development/pottersbargarage/legacy/pottersbargarage.co.uk/wp-content/plugins/elementor/assets/css/widget-social-icons.min.css?ver=3.24.0.css... nothing to do.
Converting links in /Users/tarnewestcott/Development/pottersbargarage/legacy/pottersbargarage.co.uk/wp-content/plugins/elementor/assets/lib/eicons/css/elementor-icons.min.css?ver=5.49.0.css... 6.
6-0
Converting links in /Users/tarnewestcott/Development/pottersbargarage/legacy/pottersbargarage.co.uk/wp-content/uploads/happyaddons/css/ha-50.css?ver=3.22.0.1651247143.css... nothing to do.
Converting links in /Users/tarnewestcott/Development/pottersbargarage/legacy/pottersbargarage.co.uk/wp-content/themes/salient/css/salient-dynamic-styles.css?ver=14101.css... nothing to do.
Converting links in /Users/tarnewestcott/Development/pottersbargarage/legacy/pottersbargarage.co.uk/wp-content/themes/salient/css/responsive.css?ver=13.0.5.css... nothing to do.
Converting links in /Users/tarnewestcott/Development/pottersbargarage/legacy/pottersbargarage.co.uk/wp-content/uploads/premium-addons-elementor/pafe-50.css?ver=1651246761.css... nothing to do.
Converting links in /Users/tarnewestcott/Development/pottersbargarage/legacy/pottersbargarage.co.uk/wp-content/uploads/happyaddons/css/ha-50.css?ver=3.22.0.1651246480.css... nothing to do.
Converting links in /Users/tarnewestcott/Development/pottersbargarage/legacy/pottersbargarage.co.uk/wp-content/uploads/elementor/css/post-368.css?ver=1782235481.css... 1.
1-0
Converting links in /Users/tarnewestcott/Development/pottersbargarage/legacy/pottersbargarage.co.uk/wp-content/plugins/elementor/assets/lib/font-awesome/css/v4-shims.min.css?ver=4.1.3.css... nothing to do.
Converting links in /Users/tarnewestcott/Development/pottersbargarage/legacy/pottersbargarage.co.uk/wp-content/uploads/elementor/css/post-361.css?ver=1782235485.css... 1.
1-0
Converting links in /Users/tarnewestcott/Development/pottersbargarage/legacy/pottersbargarage.co.uk/wp-content/plugins/elementor-pro/assets/css/widget-blockquote.min.css?ver=3.25.0.css... nothing to do.
Converting links in /Users/tarnewestcott/Development/pottersbargarage/legacy/pottersbargarage.co.uk/wp-content/plugins/elementor/assets/css/widget-heading.min.css?ver=4.1.3.css... nothing to do.
Converting links in /Users/tarnewestcott/Development/pottersbargarage/legacy/pottersbargarage.co.uk/wp-content/plugins/elementor/assets/lib/font-awesome/css/brands.css?ver=5.15.3.css... 6.
6-0
Converting links in /Users/tarnewestcott/Development/pottersbargarage/legacy/pottersbargarage.co.uk/wp-content/uploads/happyaddons/css/ha-50.css?ver=3.22.0.1649676684.css... nothing to do.
Converting links in /Users/tarnewestcott/Development/pottersbargarage/legacy/pottersbargarage.co.uk/wp-content/plugins/elementor/assets/lib/eicons/css/elementor-icons.min.css?ver=5.34.0.css... 6.
6-0
Converting links in /Users/tarnewestcott/Development/pottersbargarage/legacy/pottersbargarage.co.uk/wp-content/themes/salient/css/salient-dynamic-styles.css?ver=51659.css... nothing to do.
Converting links in /Users/tarnewestcott/Development/pottersbargarage/legacy/pottersbargarage.co.uk/wp-content/themes/salient/css/salient-dynamic-styles.css?ver=97674.css... nothing to do.
Converting links in /Users/tarnewestcott/Development/pottersbargarage/legacy/pottersbargarage.co.uk/wp-content/uploads/premium-addons-elementor/pafe-50.css?ver=1651246648.css... nothing to do.
Converting links in /Users/tarnewestcott/Development/pottersbargarage/legacy/pottersbargarage.co.uk/wp-content/uploads/premium-addons-elementor/pafe-50.css?ver=1649675348.css... nothing to do.
Converting links in /Users/tarnewestcott/Development/pottersbargarage/legacy/pottersbargarage.co.uk/wp-content/uploads/elementor/css/post-140.css?ver=1782235489.css... 1.
1-0
Converting links in /Users/tarnewestcott/Development/pottersbargarage/legacy/pottersbargarage.co.uk/wp-content/uploads/elementor/css/post-11.css?ver=1782224931.css... 1.
1-0
Converting links in /Users/tarnewestcott/Development/pottersbargarage/legacy/pottersbargarage.co.uk/wp-content/uploads/elementor/css/post-180.css?ver=1782235488.css... nothing to do.
Converting links in /Users/tarnewestcott/Development/pottersbargarage/legacy/pottersbargarage.co.uk/wp-content/uploads/elementor/google-fonts/css/roboto.css?ver=1742601942.css... 162.
162-0
Converting links in /Users/tarnewestcott/Development/pottersbargarage/legacy/pottersbargarage.co.uk/wp-content/themes/salient/css/salient-dynamic-styles.css?ver=95988.css... nothing to do.
Converting links in /Users/tarnewestcott/Development/pottersbargarage/legacy/pottersbargarage.co.uk/wp-content/uploads/happyaddons/css/ha-50.css?ver=3.22.0.1649676950.css... nothing to do.
Converting links in /Users/tarnewestcott/Development/pottersbargarage/legacy/pottersbargarage.co.uk/wp-content/uploads/premium-addons-elementor/pafe-50.css?ver=1651247201.css... nothing to do.
Converting links in /Users/tarnewestcott/Development/pottersbargarage/legacy/pottersbargarage.co.uk/wp-content/uploads/premium-addons-elementor/pafe-50.css?ver=1649677367.css... nothing to do.
Converting links in /Users/tarnewestcott/Development/pottersbargarage/legacy/pottersbargarage.co.uk/wp-content/uploads/elementor/css/post-380.css?ver=1782232150.css... 1.
1-0
Converting links in /Users/tarnewestcott/Development/pottersbargarage/legacy/pottersbargarage.co.uk/wp-content/uploads/elementor/google-fonts/css/quicksand.css?ver=1742601948.css... 15.
15-0
Converting links in /Users/tarnewestcott/Development/pottersbargarage/legacy/pottersbargarage.co.uk/wp-content/uploads/happyaddons/css/ha-50.css?ver=3.22.0.1651246725.css... nothing to do.
Converting links in /Users/tarnewestcott/Development/pottersbargarage/legacy/pottersbargarage.co.uk/wp-content/uploads/happyaddons/css/ha-50.css?ver=3.22.0.1649675733.css... nothing to do.
Converting links in /Users/tarnewestcott/Development/pottersbargarage/legacy/pottersbargarage.co.uk/wp-content/uploads/elementor/google-fonts/css/robotoslab.css?ver=1742601944.css... 63.
63-0
Converting links in /Users/tarnewestcott/Development/pottersbargarage/legacy/pottersbargarage.co.uk/wp-content/plugins/elementor/assets/css/widget-divider.min.css?ver=4.1.3.css... nothing to do.
Converting links in /Users/tarnewestcott/Development/pottersbargarage/legacy/pottersbargarage.co.uk/wp-content/plugins/happy-elementor-addons/assets/vendor/hover-css/hover-css.css?ver=3.22.0.css... nothing to do.
Converting links in /Users/tarnewestcott/Development/pottersbargarage/legacy/pottersbargarage.co.uk/wp-content/themes/salient/css/off-canvas/core.css?ver=13.0.5.css... nothing to do.
Converting links in /Users/tarnewestcott/Development/pottersbargarage/legacy/pottersbargarage.co.uk/wp-content/themes/salient/css/salient-dynamic-styles.css?ver=44424.css... nothing to do.
Converting links in /Users/tarnewestcott/Development/pottersbargarage/legacy/pottersbargarage.co.uk/wp-content/uploads/premium-addons-elementor/pafe-50.css?ver=1651247106.css... nothing to do.
Converting links in /Users/tarnewestcott/Development/pottersbargarage/legacy/pottersbargarage.co.uk/wp-content/themes/salient/css/salient-dynamic-styles.css?ver=46036.css... nothing to do.
Converting links in /Users/tarnewestcott/Development/pottersbargarage/legacy/pottersbargarage.co.uk/wp-content/plugins/pojo-accessibility/assets/build/skip-link.css?ver=4.1.2.css... nothing to do.
Converting links in /Users/tarnewestcott/Development/pottersbargarage/legacy/pottersbargarage.co.uk/wp-content/themes/salient/css/salient-dynamic-styles.css?ver=23309.css... nothing to do.
Converting links in /Users/tarnewestcott/Development/pottersbargarage/legacy/pottersbargarage.co.uk/wp-content/uploads/happyaddons/css/ha-50.css?ver=3.22.0.1747301291.css... nothing to do.
Converting links in /Users/tarnewestcott/Development/pottersbargarage/legacy/pottersbargarage.co.uk/wp-content/themes/salient/css/salient-dynamic-styles.css?ver=32299.css... nothing to do.
Converting links in /Users/tarnewestcott/Development/pottersbargarage/legacy/pottersbargarage.co.uk/wp-content/themes/salient/css/salient-dynamic-styles.css?ver=51615.css... nothing to do.
Converting links in /Users/tarnewestcott/Development/pottersbargarage/legacy/pottersbargarage.co.uk/wp-content/themes/salient/css/skin-original.css?ver=13.0.5.css... nothing to do.
Converting links in /Users/tarnewestcott/Development/pottersbargarage/legacy/pottersbargarage.co.uk/wp-content/uploads/happyaddons/css/ha-50.css?ver=3.22.0.1651247106.css... nothing to do.
Converting links in /Users/tarnewestcott/Development/pottersbargarage/legacy/pottersbargarage.co.uk/wp-content/uploads/premium-addons-elementor/pafe-50.css?ver=1649675085.css... nothing to do.
Converting links in /Users/tarnewestcott/Development/pottersbargarage/legacy/pottersbargarage.co.uk/wp-content/themes/salient/css/salient-dynamic-styles.css?ver=1292.css... nothing to do.
Converting links in /Users/tarnewestcott/Development/pottersbargarage/legacy/pottersbargarage.co.uk/wp-content/themes/salient/css/blog/auto-masonry-meta-overlaid-spaced.css?ver=13.0.5.css... nothing to do.
Converting links in /Users/tarnewestcott/Development/pottersbargarage/legacy/pottersbargarage.co.uk/wp-content/plugins/premium-addons-for-elementor/assets/frontend/min-css/slick.min.css?ver=4.11.82.css... nothing to do.
Converting links in /Users/tarnewestcott/Development/pottersbargarage/legacy/pottersbargarage.co.uk/wp-content/uploads/premium-addons-elementor/pafe-50.css?ver=1651246690.css... nothing to do.
Converting links in /Users/tarnewestcott/Development/pottersbargarage/legacy/pottersbargarage.co.uk/wp-content/uploads/elementor/css/post-390.css?ver=1782235477.css... 1.
1-0
Converting links in /Users/tarnewestcott/Development/pottersbargarage/legacy/pottersbargarage.co.uk/wp-content/uploads/premium-addons-elementor/pafe-50.css?ver=1651246564.css... nothing to do.
Converting links in /Users/tarnewestcott/Development/pottersbargarage/legacy/pottersbargarage.co.uk/wp-content/uploads/happyaddons/css/ha-50.css?ver=3.22.0.1651246859.css... nothing to do.
Converting links in /Users/tarnewestcott/Development/pottersbargarage/legacy/pottersbargarage.co.uk/wp-content/uploads/premium-addons-elementor/pafe-50.css?ver=1651246321.css... nothing to do.
Converting links in /Users/tarnewestcott/Development/pottersbargarage/legacy/pottersbargarage.co.uk/wp-content/uploads/happyaddons/css/ha-50.css?ver=3.22.0.1651246797.css... nothing to do.
Converting links in /Users/tarnewestcott/Development/pottersbargarage/legacy/pottersbargarage.co.uk/wp-content/uploads/premium-addons-elementor/pafe-50.css?ver=1747221918.css... nothing to do.
Converting links in /Users/tarnewestcott/Development/pottersbargarage/legacy/pottersbargarage.co.uk/wp-content/plugins/elementor/assets/css/frontend.min.css?ver=4.1.3.css... nothing to do.
Converting links in /Users/tarnewestcott/Development/pottersbargarage/legacy/pottersbargarage.co.uk/wp-content/plugins/revslider/public/assets/css/rs6.css?ver=6.5.11.css... 15.
15-0
Converting links in /Users/tarnewestcott/Development/pottersbargarage/legacy/pottersbargarage.co.uk/wp-content/uploads/elementor/google-fonts/css/raleway.css?ver=1742601946.css... 90.
90-0
Converting links in /Users/tarnewestcott/Development/pottersbargarage/legacy/pottersbargarage.co.uk/wp-content/uploads/happyaddons/css/ha-50.css?ver=3.22.0.1649676130.css... nothing to do.
Converting links in /Users/tarnewestcott/Development/pottersbargarage/legacy/pottersbargarage.co.uk/wp-content/plugins/elementor/assets/lib/font-awesome/css/font-awesome.min.css?ver=4.7.0.css... 6.
6-0
Converting links in /Users/tarnewestcott/Development/pottersbargarage/legacy/pottersbargarage.co.uk/wp-content/uploads/premium-addons-elementor/pafe-50.css?ver=1651247064.css... nothing to do.
Converting links in /Users/tarnewestcott/Development/pottersbargarage/legacy/pottersbargarage.co.uk/wp-content/uploads/happyaddons/css/ha-50.css?ver=3.22.0.1651246321.css... nothing to do.
Converting links in /Users/tarnewestcott/Development/pottersbargarage/legacy/pottersbargarage.co.uk/wp-content/uploads/happyaddons/css/ha-50.css?ver=3.22.0.1651246761.css... nothing to do.
Converting links in /Users/tarnewestcott/Development/pottersbargarage/legacy/pottersbargarage.co.uk/wp-content/themes/salient/css/salient-dynamic-styles.css?ver=38169.css... nothing to do.
Converting links in /Users/tarnewestcott/Development/pottersbargarage/legacy/pottersbargarage.co.uk/wp-content/uploads/elementor/css/post-373.css?ver=1782235484.css... 1.
1-0
Converting links in /Users/tarnewestcott/Development/pottersbargarage/legacy/pottersbargarage.co.uk/wp-content/uploads/premium-addons-elementor/pafe-73.css?ver=1747221918.css... nothing to do.
Converting links in /Users/tarnewestcott/Development/pottersbargarage/legacy/pottersbargarage.co.uk/wp-content/plugins/premium-addons-for-elementor/assets/frontend/min-css/liquid-glass.min.css?ver=4.11.82.css... 48.
48-0
Converting links in /Users/tarnewestcott/Development/pottersbargarage/legacy/pottersbargarage.co.uk/wp-content/plugins/elementor-pro/assets/css/widget-nav-menu.min.css?ver=3.26.0.css... nothing to do.
Converting links in /Users/tarnewestcott/Development/pottersbargarage/legacy/pottersbargarage.co.uk/wp-content/uploads/premium-addons-elementor/pafe-50.css?ver=1744807962.css... nothing to do.
Converting links in /Users/tarnewestcott/Development/pottersbargarage/legacy/pottersbargarage.co.uk/wp-content/uploads/happyaddons/css/ha-50.css?ver=3.22.0.1651246648.css... nothing to do.
Converting links in /Users/tarnewestcott/Development/pottersbargarage/legacy/pottersbargarage.co.uk/wp-content/uploads/happyaddons/css/ha-50.css?ver=3.22.0.1649675348.css... nothing to do.
Converting links in /Users/tarnewestcott/Development/pottersbargarage/legacy/pottersbargarage.co.uk/wp-content/plugins/elementor/assets/css/widget-icon-box.min.css?ver=4.1.3.css... nothing to do.
Converting links in /Users/tarnewestcott/Development/pottersbargarage/legacy/pottersbargarage.co.uk/wp-content/themes/salient/css/salient-dynamic-styles.css?ver=83168.css... nothing to do.
Converting links in /Users/tarnewestcott/Development/pottersbargarage/legacy/pottersbargarage.co.uk/wp-content/themes/salient/css/salient-dynamic-styles.css?ver=133.css... nothing to do.
Converting links in /Users/tarnewestcott/Development/pottersbargarage/legacy/pottersbargarage.co.uk/wp-content/themes/salient/css/salient-dynamic-styles.css?ver=40642.css... nothing to do.
Converting links in /Users/tarnewestcott/Development/pottersbargarage/legacy/pottersbargarage.co.uk/wp-content/themes/salient/css/salient-dynamic-styles.css?ver=2447.css... nothing to do.
Converting links in /Users/tarnewestcott/Development/pottersbargarage/legacy/pottersbargarage.co.uk/wp-content/plugins/happy-elementor-addons/assets/fonts/style.min.css?ver=3.22.0.css... 3.
3-0
Converting links in /Users/tarnewestcott/Development/pottersbargarage/legacy/pottersbargarage.co.uk/wp-content/themes/salient/css/single.css?ver=13.0.5.css... nothing to do.
Converting links in /Users/tarnewestcott/Development/pottersbargarage/legacy/pottersbargarage.co.uk/wp-content/uploads/premium-addons-elementor/pafe-50.css?ver=1649676425.css... nothing to do.
Converting links in /Users/tarnewestcott/Development/pottersbargarage/legacy/pottersbargarage.co.uk/wp-content/plugins/elementor/assets/lib/font-awesome/css/brands.min.css?ver=5.15.3.css... 6.
6-0
Converting links in /Users/tarnewestcott/Development/pottersbargarage/legacy/pottersbargarage.co.uk/wp-content/uploads/happyaddons/css/ha-50.css?ver=3.22.0.1651247201.css... nothing to do.
Converting links in /Users/tarnewestcott/Development/pottersbargarage/legacy/pottersbargarage.co.uk/wp-content/uploads/happyaddons/css/ha-50.css?ver=3.22.0.1649677367.css... nothing to do.
Converting links in /Users/tarnewestcott/Development/pottersbargarage/legacy/pottersbargarage.co.uk/wp-content/uploads/elementor/css/post-378.css?ver=1782224931.css... 1.
1-0
Converting links in /Users/tarnewestcott/Development/pottersbargarage/legacy/pottersbargarage.co.uk/wp-content/uploads/elementor/css/post-50.css?ver=1782224931.css... nothing to do.
Converting links in /Users/tarnewestcott/Development/pottersbargarage/legacy/pottersbargarage.co.uk/wp-content/uploads/premium-addons-elementor/pafe-50.css?ver=1651246480.css... nothing to do.
Converting links in /Users/tarnewestcott/Development/pottersbargarage/legacy/pottersbargarage.co.uk/wp-includes/css/dist/block-library/style.min.css?ver=489259b363428cc490497ac2e4d600ed.css... nothing to do.
Converting links in /Users/tarnewestcott/Development/pottersbargarage/legacy/pottersbargarage.co.uk/wp-content/themes/salient/css/salient-dynamic-styles.css?ver=58792.css... nothing to do.
Converting links in /Users/tarnewestcott/Development/pottersbargarage/legacy/pottersbargarage.co.uk/wp-content/plugins/elementor/assets/lib/font-awesome/css/all.min.css?ver=4.11.82.css... 18.
18-0
Converting links in /Users/tarnewestcott/Development/pottersbargarage/legacy/pottersbargarage.co.uk/wp-content/plugins/elementor/assets/css/widget-spacer.min.css?ver=4.1.3.css... nothing to do.
Converting links in /Users/tarnewestcott/Development/pottersbargarage/legacy/pottersbargarage.co.uk/wp-content/themes/salient/css/grid-system-legacy.css?ver=13.0.5.css... nothing to do.
Converting links in /Users/tarnewestcott/Development/pottersbargarage/legacy/pottersbargarage.co.uk/wp-content/themes/salient/css/salient-dynamic-styles.css?ver=87527.css... nothing to do.
Converting links in /Users/tarnewestcott/Development/pottersbargarage/legacy/pottersbargarage.co.uk/wp-content/uploads/elementor/css/post-397.css?ver=1782235482.css... 1.
1-0
Converting links in /Users/tarnewestcott/Development/pottersbargarage/legacy/pottersbargarage.co.uk/wp-content/uploads/salient/menu-dynamic.css?ver=35148.css... nothing to do.
Converting links in /Users/tarnewestcott/Development/pottersbargarage/legacy/pottersbargarage.co.uk/wp-content/themes/salient/css/salient-dynamic-styles.css?ver=3280.css... nothing to do.
Converting links in /Users/tarnewestcott/Development/pottersbargarage/legacy/pottersbargarage.co.uk/wp-content/uploads/premium-addons-elementor/pafe-50.css?ver=1649676684.css... nothing to do.
Converting links in /Users/tarnewestcott/Development/pottersbargarage/legacy/pottersbargarage.co.uk/wp-content/themes/salient/css/salient-dynamic-styles.css?ver=54405.css... nothing to do.
Converting links in /Users/tarnewestcott/Development/pottersbargarage/legacy/pottersbargarage.co.uk/wp-content/plugins/header-footer-elementor/assets/css/header-footer-elementor.css?ver=2.8.8.css... nothing to do.
Converting links in /Users/tarnewestcott/Development/pottersbargarage/legacy/pottersbargarage.co.uk/wp-content/plugins/elementor/assets/css/widget-image-box.min.css?ver=4.1.3.css... nothing to do.
Converting links in /Users/tarnewestcott/Development/pottersbargarage/legacy/pottersbargarage.co.uk/wp-content/uploads/elementor/css/post-257.css?ver=1782235486.css... 1.
1-0
Converting links in /Users/tarnewestcott/Development/pottersbargarage/legacy/pottersbargarage.co.uk/wp-content/uploads/premium-addons-elementor/pafe-50.css?ver=1649676950.css... nothing to do.
Converting links in /Users/tarnewestcott/Development/pottersbargarage/legacy/pottersbargarage.co.uk/wp-content/uploads/happyaddons/css/ha-50.css?ver=3.22.0.1649675085.css... nothing to do.
Converting links in /Users/tarnewestcott/Development/pottersbargarage/legacy/pottersbargarage.co.uk/wp-content/uploads/premium-addons-elementor/pafe-50.css?ver=1649675733.css... nothing to do.
Converting links in /Users/tarnewestcott/Development/pottersbargarage/legacy/pottersbargarage.co.uk/wp-content/uploads/elementor/css/post-6.css?ver=1782224931.css... nothing to do.
Converting links in /Users/tarnewestcott/Development/pottersbargarage/legacy/pottersbargarage.co.uk/wp-content/uploads/premium-addons-elementor/pafe-50.css?ver=1651246725.css... nothing to do.
Converting links in /Users/tarnewestcott/Development/pottersbargarage/legacy/pottersbargarage.co.uk/wp-content/plugins/header-footer-elementor/inc/widgets-css/frontend.css?ver=2.8.8.css... nothing to do.
Converting links in /Users/tarnewestcott/Development/pottersbargarage/legacy/pottersbargarage.co.uk/wp-content/uploads/happyaddons/css/ha-50.css?ver=3.22.0.1651246690.css... nothing to do.
Converting links in /Users/tarnewestcott/Development/pottersbargarage/legacy/pottersbargarage.co.uk/wp-content/themes/salient/css/salient-dynamic-styles.css?ver=93711.css... nothing to do.
Converting links in /Users/tarnewestcott/Development/pottersbargarage/legacy/pottersbargarage.co.uk/wp-content/uploads/happyaddons/css/ha-50.css?ver=3.22.0.1651246564.css... nothing to do.
Converting links in /Users/tarnewestcott/Development/pottersbargarage/legacy/pottersbargarage.co.uk/wp-content/uploads/happyaddons/css/ha-50.css?ver=3.22.0.1747221918.css... nothing to do.
Converting links in /Users/tarnewestcott/Development/pottersbargarage/legacy/pottersbargarage.co.uk/wp-content/uploads/elementor/css/post-221.css?ver=1782235471.css... 1.
1-0
Converting links in /Users/tarnewestcott/Development/pottersbargarage/legacy/pottersbargarage.co.uk/wp-content/plugins/elementor/assets/css/widget-icon-list.min.css?ver=3.24.3.css... nothing to do.
Converting links in /Users/tarnewestcott/Development/pottersbargarage/legacy/pottersbargarage.co.uk/wp-content/themes/salient/css/salient-dynamic-styles.css?ver=92595.css... nothing to do.
Converting links in /Users/tarnewestcott/Development/pottersbargarage/legacy/pottersbargarage.co.uk/wp-content/uploads/elementor/css/post-388.css?ver=1782235474.css... 1.
1-0
Converting links in /Users/tarnewestcott/Development/pottersbargarage/legacy/pottersbargarage.co.uk/wp-content/uploads/premium-addons-elementor/pafe-180.css?ver=1651247201.css... nothing to do.
Converting links in /Users/tarnewestcott/Development/pottersbargarage/legacy/pottersbargarage.co.uk/wp-content/plugins/elementor/assets/lib/font-awesome/css/fontawesome.css?ver=5.15.3.css... nothing to do.
Converting links in /Users/tarnewestcott/Development/pottersbargarage/legacy/pottersbargarage.co.uk/wp-content/uploads/happyaddons/css/ha-50.css?ver=3.22.0.1651247064.css... nothing to do.
Converting links in /Users/tarnewestcott/Development/pottersbargarage/legacy/pottersbargarage.co.uk/wp-content/uploads/elementor/css/post-275.css?ver=1782233047.css... nothing to do.
Converting links in /Users/tarnewestcott/Development/pottersbargarage/legacy/pottersbargarage.co.uk/wp-content/plugins/elementor/assets/lib/font-awesome/css/regular.min.css?ver=5.15.3.css... 6.
6-0
Converting links in /Users/tarnewestcott/Development/pottersbargarage/legacy/pottersbargarage.co.uk/wp-content/themes/salient/css/salient-dynamic-styles.css?ver=21169.css... nothing to do.
Converting links in /Users/tarnewestcott/Development/pottersbargarage/legacy/pottersbargarage.co.uk/wp-content/uploads/elementor/css/post-73.css?ver=1782225626.css... 5.
5-0
Converting links in /Users/tarnewestcott/Development/pottersbargarage/legacy/pottersbargarage.co.uk/wp-content/themes/salient/css/plugins/jquery.fancybox.css?ver=3.3.1.css... nothing to do.
Converting links in /Users/tarnewestcott/Development/pottersbargarage/legacy/pottersbargarage.co.uk/wp-content/plugins/elementor/assets/lib/font-awesome/css/fontawesome.min.css?ver=5.15.3.css... nothing to do.
Converting links in /Users/tarnewestcott/Development/pottersbargarage/legacy/pottersbargarage.co.uk/wp-content/uploads/premium-addons-elementor/pafe-50.css?ver=1747301291.css... nothing to do.
Converting links in /Users/tarnewestcott/Development/pottersbargarage/legacy/pottersbargarage.co.uk/wp-content/themes/salient/css/style.css?ver=13.0.5.css... 17.
17-0
Converting links in /Users/tarnewestcott/Development/pottersbargarage/legacy/pottersbargarage.co.uk/wp-content/plugins/elementor/assets/lib/font-awesome/css/solid.css?ver=5.15.3.css... 6.
6-0
Converting links in /Users/tarnewestcott/Development/pottersbargarage/legacy/pottersbargarage.co.uk/wp-content/plugins/elementor-pro/assets/css/widget-mega-menu.min.css?ver=3.26.2.css... nothing to do.
Converting links in /Users/tarnewestcott/Development/pottersbargarage/legacy/pottersbargarage.co.uk/wp-content/uploads/elementor/google-fonts/css/lexend.css?ver=1742601949.css... 27.
27-0
Converting links in /Users/tarnewestcott/Development/pottersbargarage/legacy/pottersbargarage.co.uk/wp-content/plugins/elementor/assets/css/widget-video.min.css?ver=4.1.3.css... nothing to do.
Converting links in /Users/tarnewestcott/Development/pottersbargarage/legacy/pottersbargarage.co.uk/wp-content/plugins/elementor/assets/lib/font-awesome/css/solid.min.css?ver=5.15.3.css... 6.
6-0
Converting links in /Users/tarnewestcott/Development/pottersbargarage/legacy/pottersbargarage.co.uk/wp-content/plugins/elementor/assets/css/widget-image.min.css?ver=4.1.3.css... nothing to do.
Converting links in /Users/tarnewestcott/Development/pottersbargarage/legacy/pottersbargarage.co.uk/wp-content/themes/salient/css/salient-dynamic-styles.css?ver=29947.css... nothing to do.
Converting links in /Users/tarnewestcott/Development/pottersbargarage/legacy/pottersbargarage.co.uk/wp-content/uploads/premium-addons-elementor/pafe-50.css?ver=1651246859.css... nothing to do.
Converting links in /Users/tarnewestcott/Development/pottersbargarage/legacy/pottersbargarage.co.uk/wp-content/uploads/elementor/css/post-395.css?ver=1782235487.css... 1.
1-0
Converting links in /Users/tarnewestcott/Development/pottersbargarage/legacy/pottersbargarage.co.uk/wp-content/plugins/elementor-pro/assets/css/widget-form.min.css?ver=4.0.2.css... nothing to do.
Converting links in /Users/tarnewestcott/Development/pottersbargarage/legacy/pottersbargarage.co.uk/wp-content/uploads/happyaddons/css/ha-50.css?ver=3.22.0.1744807962.css... nothing to do.
Converting links in /Users/tarnewestcott/Development/pottersbargarage/legacy/pottersbargarage.co.uk/wp-content/uploads/premium-addons-elementor/pafe-50.css?ver=1651247143.css... nothing to do.
Converting links in /Users/tarnewestcott/Development/pottersbargarage/legacy/pottersbargarage.co.uk/wp-content/uploads/premium-addons-elementor/pafe-50.css?ver=1651246797.css... nothing to do.
Converting links in /Users/tarnewestcott/Development/pottersbargarage/legacy/pottersbargarage.co.uk/wp-content/uploads/elementor/google-fonts/css/montserrat.css?ver=1742601948.css... 90.
90-0
Converting links in /Users/tarnewestcott/Development/pottersbargarage/legacy/pottersbargarage.co.uk/wp-content/themes/salient/css/salient-dynamic-styles.css?ver=5924.css... nothing to do.
Converted links in 171 files in 0.2 seconds.
